-- phpMyAdmin SQL Dump
-- version 5.1.1
-- https://www.phpmyadmin.net/
--
-- Host: localhost:8889
-- Waktu pembuatan: 12 Jun 2022 pada 05.42
-- Versi server: 5.7.34
-- Versi PHP: 7.4.21

SET SQL_MODE = "NO_AUTO_VALUE_ON_ZERO";
START TRANSACTION;
SET time_zone = "+00:00";


/*!40101 SET @OLD_CHARACTER_SET_CLIENT=@@CHARACTER_SET_CLIENT */;
/*!40101 SET @OLD_CHARACTER_SET_RESULTS=@@CHARACTER_SET_RESULTS */;
/*!40101 SET @OLD_COLLATION_CONNECTION=@@COLLATION_CONNECTION */;
/*!40101 SET NAMES utf8mb4 */;

--
-- Database: `survey2`
--

-- --------------------------------------------------------

--
-- Struktur dari tabel `tanswer`
--

CREATE TABLE `tanswer` (
  `Id` int(11) NOT NULL,
  `descriptionId` int(11) NOT NULL,
  `categoryId` int(11) DEFAULT NULL,
  `variabelId` int(11) NOT NULL,
  `respondenId` varchar(50) NOT NULL,
  `jawaban` varchar(1) NOT NULL,
  `jawaban5` int(1) NOT NULL,
  `jawaban4` int(1) NOT NULL,
  `jawaban3` int(1) NOT NULL,
  `jawaban2` int(1) NOT NULL,
  `jawabanE` int(1) NOT NULL
) ENGINE=InnoDB DEFAULT CHARSET=latin1;

--
-- Dumping data untuk tabel `tanswer`
--

INSERT INTO `tanswer` (`Id`, `descriptionId`, `categoryId`, `variabelId`, `respondenId`, `jawaban`, `jawaban5`, `jawaban4`, `jawaban3`, `jawaban2`, `jawabanE`) VALUES
(661, 69, 1, 1, '20220411 085132', '5', 5, 0, 0, 0, 0),
(662, 70, 1, 1, '20220411 085132', '4', 0, 4, 0, 0, 0),
(663, 71, 1, 1, '20220411 085132', '3', 0, 0, 3, 0, 0),
(664, 72, 2, 1, '20220411 085132', '2', 0, 0, 0, 2, 0),
(665, 73, 2, 1, '20220411 085132', '1', 0, 0, 0, 0, 1),
(666, 74, 2, 1, '20220411 085132', '2', 0, 0, 0, 2, 0),
(667, 75, 1, 2, '20220411 085132', '2', 0, 0, 0, 2, 0),
(668, 76, 2, 2, '20220411 085132', '3', 0, 0, 3, 0, 0),
(669, 77, 1, 3, '20220411 085132', '4', 0, 4, 0, 0, 0),
(670, 78, 2, 3, '20220411 085132', '5', 5, 0, 0, 0, 0),
(671, 79, 1, 4, '20220411 085132', '4', 0, 4, 0, 0, 0),
(672, 80, 2, 4, '20220411 085132', '3', 0, 0, 3, 0, 0),
(673, 81, 1, 5, '20220411 085132', '4', 0, 4, 0, 0, 0),
(674, 82, 2, 5, '20220411 085132', '2', 0, 0, 0, 2, 0),
(675, 89, 1, 6, '20220411 085132', '2', 0, 0, 0, 2, 0),
(676, 90, 2, 6, '20220411 085132', '3', 0, 0, 3, 0, 0),
(677, 83, 1, 7, '20220411 085132', '1', 0, 0, 0, 0, 1),
(678, 84, 2, 7, '20220411 085132', '3', 0, 0, 3, 0, 0),
(679, 85, 1, 8, '20220411 085132', '4', 0, 4, 0, 0, 0),
(680, 86, 2, 8, '20220411 085132', '3', 0, 0, 3, 0, 0),
(681, 87, 1, 9, '20220411 085132', '4', 0, 4, 0, 0, 0),
(682, 88, 2, 9, '20220411 085132', '2', 0, 0, 0, 2, 0),
(683, 69, 1, 1, '20220411 085159', '1', 0, 0, 0, 0, 1),
(684, 70, 1, 1, '20220411 085159', '1', 0, 0, 0, 0, 1),
(685, 71, 1, 1, '20220411 085159', '2', 0, 0, 0, 2, 0),
(686, 72, 2, 1, '20220411 085159', '2', 0, 0, 0, 2, 0),
(687, 73, 2, 1, '20220411 085159', '3', 0, 0, 3, 0, 0),
(688, 74, 2, 1, '20220411 085159', '3', 0, 0, 3, 0, 0),
(689, 75, 1, 2, '20220411 085159', '2', 0, 0, 0, 2, 0),
(690, 76, 2, 2, '20220411 085159', '2', 0, 0, 0, 2, 0),
(691, 77, 1, 3, '20220411 085159', '1', 0, 0, 0, 0, 1),
(692, 78, 2, 3, '20220411 085159', '1', 0, 0, 0, 0, 1),
(693, 79, 1, 4, '20220411 085159', '2', 0, 0, 0, 2, 0),
(694, 80, 2, 4, '20220411 085159', '3', 0, 0, 3, 0, 0),
(695, 81, 1, 5, '20220411 085159', '4', 0, 4, 0, 0, 0),
(696, 82, 2, 5, '20220411 085159', '4', 0, 4, 0, 0, 0),
(697, 89, 1, 6, '20220411 085159', '3', 0, 0, 3, 0, 0),
(698, 90, 2, 6, '20220411 085159', '3', 0, 0, 3, 0, 0),
(699, 83, 1, 7, '20220411 085159', '4', 0, 4, 0, 0, 0),
(700, 84, 2, 7, '20220411 085159', '2', 0, 0, 0, 2, 0),
(701, 85, 1, 8, '20220411 085159', '2', 0, 0, 0, 2, 0),
(702, 86, 2, 8, '20220411 085159', '3', 0, 0, 3, 0, 0),
(703, 87, 1, 9, '20220411 085159', '2', 0, 0, 0, 2, 0),
(704, 88, 2, 9, '20220411 085159', '3', 0, 0, 3, 0, 0),
(705, 69, 1, 1, '20220411 085200', '5', 5, 0, 0, 0, 0),
(706, 70, 1, 1, '20220411 085200', '5', 5, 0, 0, 0, 0),
(707, 71, 1, 1, '20220411 085200', '5', 5, 0, 0, 0, 0),
(708, 72, 2, 1, '20220411 085200', '5', 5, 0, 0, 0, 0),
(709, 73, 2, 1, '20220411 085200', '5', 5, 0, 0, 0, 0),
(710, 74, 2, 1, '20220411 085200', '5', 5, 0, 0, 0, 0),
(711, 75, 1, 2, '20220411 085200', '4', 0, 4, 0, 0, 0),
(712, 76, 2, 2, '20220411 085200', '4', 0, 4, 0, 0, 0),
(713, 77, 1, 3, '20220411 085200', '5', 5, 0, 0, 0, 0),
(714, 78, 2, 3, '20220411 085200', '5', 5, 0, 0, 0, 0),
(715, 79, 1, 4, '20220411 085200', '5', 5, 0, 0, 0, 0),
(716, 80, 2, 4, '20220411 085200', '5', 5, 0, 0, 0, 0),
(717, 81, 1, 5, '20220411 085200', '5', 5, 0, 0, 0, 0),
(718, 82, 2, 5, '20220411 085200', '5', 5, 0, 0, 0, 0),
(719, 89, 1, 6, '20220411 085200', '5', 5, 0, 0, 0, 0),
(720, 90, 2, 6, '20220411 085200', '5', 5, 0, 0, 0, 0),
(721, 83, 1, 7, '20220411 085200', '5', 5, 0, 0, 0, 0),
(722, 84, 2, 7, '20220411 085200', '5', 5, 0, 0, 0, 0),
(723, 85, 1, 8, '20220411 085200', '1', 0, 0, 0, 0, 1),
(724, 86, 2, 8, '20220411 085200', '1', 0, 0, 0, 0, 1),
(725, 87, 1, 9, '20220411 085200', '2', 0, 0, 0, 2, 0),
(726, 88, 2, 9, '20220411 085200', '2', 0, 0, 0, 2, 0),
(727, 69, 1, 1, '20220411 085235', '4', 0, 4, 0, 0, 0),
(728, 70, 1, 1, '20220411 085235', '3', 0, 0, 3, 0, 0),
(729, 71, 1, 1, '20220411 085235', '3', 0, 0, 3, 0, 0),
(730, 72, 2, 1, '20220411 085235', '2', 0, 0, 0, 2, 0),
(731, 73, 2, 1, '20220411 085235', '1', 0, 0, 0, 0, 1),
(732, 74, 2, 1, '20220411 085235', '5', 5, 0, 0, 0, 0),
(733, 75, 1, 2, '20220411 085235', '5', 5, 0, 0, 0, 0),
(734, 76, 2, 2, '20220411 085235', '3', 0, 0, 3, 0, 0),
(735, 77, 1, 3, '20220411 085235', '2', 0, 0, 0, 2, 0),
(736, 78, 2, 3, '20220411 085235', '4', 0, 4, 0, 0, 0),
(737, 79, 1, 4, '20220411 085235', '2', 0, 0, 0, 2, 0),
(738, 80, 2, 4, '20220411 085235', '3', 0, 0, 3, 0, 0),
(739, 81, 1, 5, '20220411 085235', '4', 0, 4, 0, 0, 0),
(740, 82, 2, 5, '20220411 085235', '3', 0, 0, 3, 0, 0),
(741, 89, 1, 6, '20220411 085235', '2', 0, 0, 0, 2, 0),
(742, 90, 2, 6, '20220411 085235', '3', 0, 0, 3, 0, 0),
(743, 83, 1, 7, '20220411 085235', '3', 0, 0, 3, 0, 0),
(744, 84, 2, 7, '20220411 085235', '1', 0, 0, 0, 0, 1),
(745, 85, 1, 8, '20220411 085235', '2', 0, 0, 0, 2, 0),
(746, 86, 2, 8, '20220411 085235', '1', 0, 0, 0, 0, 1),
(747, 87, 1, 9, '20220411 085235', '3', 0, 0, 3, 0, 0),
(748, 88, 2, 9, '20220411 085235', '2', 0, 0, 0, 2, 0),
(749, 69, 1, 1, '20220411 085254', '3', 0, 0, 3, 0, 0),
(750, 70, 1, 1, '20220411 085254', '3', 0, 0, 3, 0, 0),
(751, 71, 1, 1, '20220411 085254', '3', 0, 0, 3, 0, 0),
(752, 72, 2, 1, '20220411 085254', '3', 0, 0, 3, 0, 0),
(753, 73, 2, 1, '20220411 085254', '3', 0, 0, 3, 0, 0),
(754, 74, 2, 1, '20220411 085254', '3', 0, 0, 3, 0, 0),
(755, 75, 1, 2, '20220411 085254', '2', 0, 0, 0, 2, 0),
(756, 76, 2, 2, '20220411 085254', '2', 0, 0, 0, 2, 0),
(757, 77, 1, 3, '20220411 085254', '4', 0, 4, 0, 0, 0),
(758, 78, 2, 3, '20220411 085254', '4', 0, 4, 0, 0, 0),
(759, 79, 1, 4, '20220411 085254', '3', 0, 0, 3, 0, 0),
(760, 80, 2, 4, '20220411 085254', '3', 0, 0, 3, 0, 0),
(761, 81, 1, 5, '20220411 085254', '3', 0, 0, 3, 0, 0),
(762, 82, 2, 5, '20220411 085254', '3', 0, 0, 3, 0, 0),
(763, 89, 1, 6, '20220411 085254', '3', 0, 0, 3, 0, 0),
(764, 90, 2, 6, '20220411 085254', '3', 0, 0, 3, 0, 0),
(765, 83, 1, 7, '20220411 085254', '3', 0, 0, 3, 0, 0),
(766, 84, 2, 7, '20220411 085254', '3', 0, 0, 3, 0, 0),
(767, 85, 1, 8, '20220411 085254', '3', 0, 0, 3, 0, 0),
(768, 86, 2, 8, '20220411 085254', '3', 0, 0, 3, 0, 0),
(769, 87, 1, 9, '20220411 085254', '3', 0, 0, 3, 0, 0),
(770, 88, 2, 9, '20220411 085254', '3', 0, 0, 3, 0, 0),
(771, 69, 1, 1, '20220411 085344', '2', 0, 0, 0, 2, 0),
(772, 70, 1, 1, '20220411 085344', '2', 0, 0, 0, 2, 0),
(773, 71, 1, 1, '20220411 085344', '2', 0, 0, 0, 2, 0),
(774, 72, 2, 1, '20220411 085344', '2', 0, 0, 0, 2, 0),
(775, 73, 2, 1, '20220411 085344', '2', 0, 0, 0, 2, 0),
(776, 74, 2, 1, '20220411 085344', '2', 0, 0, 0, 2, 0),
(777, 75, 1, 2, '20220411 085344', '3', 0, 0, 3, 0, 0),
(778, 76, 2, 2, '20220411 085344', '3', 0, 0, 3, 0, 0),
(779, 77, 1, 3, '20220411 085344', '2', 0, 0, 0, 2, 0),
(780, 78, 2, 3, '20220411 085344', '2', 0, 0, 0, 2, 0),
(781, 79, 1, 4, '20220411 085344', '3', 0, 0, 3, 0, 0),
(782, 80, 2, 4, '20220411 085344', '3', 0, 0, 3, 0, 0),
(783, 81, 1, 5, '20220411 085344', '1', 0, 0, 0, 0, 1),
(784, 82, 2, 5, '20220411 085344', '1', 0, 0, 0, 0, 1),
(785, 89, 1, 6, '20220411 085344', '2', 0, 0, 0, 2, 0),
(786, 90, 2, 6, '20220411 085344', '2', 0, 0, 0, 2, 0),
(787, 83, 1, 7, '20220411 085344', '1', 0, 0, 0, 0, 1),
(788, 84, 2, 7, '20220411 085344', '1', 0, 0, 0, 0, 1),
(789, 85, 1, 8, '20220411 085344', '5', 5, 0, 0, 0, 0),
(790, 86, 2, 8, '20220411 085344', '5', 5, 0, 0, 0, 0),
(791, 87, 1, 9, '20220411 085344', '5', 5, 0, 0, 0, 0),
(792, 88, 2, 9, '20220411 085344', '5', 5, 0, 0, 0, 0),
(793, 69, 1, 1, '20220411 085450', '1', 0, 0, 0, 0, 1),
(794, 70, 1, 1, '20220411 085450', '1', 0, 0, 0, 0, 1),
(795, 71, 1, 1, '20220411 085450', '1', 0, 0, 0, 0, 1),
(796, 72, 2, 1, '20220411 085450', '1', 0, 0, 0, 0, 1),
(797, 73, 2, 1, '20220411 085450', '1', 0, 0, 0, 0, 1),
(798, 74, 2, 1, '20220411 085450', '2', 0, 0, 0, 2, 0),
(799, 75, 1, 2, '20220411 085450', '2', 0, 0, 0, 2, 0),
(800, 76, 2, 2, '20220411 085450', '3', 0, 0, 3, 0, 0),
(801, 77, 1, 3, '20220411 085450', '3', 0, 0, 3, 0, 0),
(802, 78, 2, 3, '20220411 085450', '2', 0, 0, 0, 2, 0),
(803, 79, 1, 4, '20220411 085450', '2', 0, 0, 0, 2, 0),
(804, 80, 2, 4, '20220411 085450', '3', 0, 0, 3, 0, 0),
(805, 81, 1, 5, '20220411 085450', '3', 0, 0, 3, 0, 0),
(806, 82, 2, 5, '20220411 085450', '2', 0, 0, 0, 2, 0),
(807, 89, 1, 6, '20220411 085450', '3', 0, 0, 3, 0, 0),
(808, 90, 2, 6, '20220411 085450', '2', 0, 0, 0, 2, 0),
(809, 83, 1, 7, '20220411 085450', '3', 0, 0, 3, 0, 0),
(810, 84, 2, 7, '20220411 085450', '4', 0, 4, 0, 0, 0),
(811, 85, 1, 8, '20220411 085450', '5', 5, 0, 0, 0, 0),
(812, 86, 2, 8, '20220411 085450', '4', 0, 4, 0, 0, 0),
(813, 87, 1, 9, '20220411 085450', '4', 0, 4, 0, 0, 0),
(814, 88, 2, 9, '20220411 085450', '3', 0, 0, 3, 0, 0),
(815, 69, 1, 1, '20220411 114245', '1', 0, 0, 0, 0, 1),
(816, 70, 1, 1, '20220411 114245', '2', 0, 0, 0, 2, 0),
(817, 71, 1, 1, '20220411 114245', '1', 0, 0, 0, 0, 1),
(818, 72, 2, 1, '20220411 114245', '5', 5, 0, 0, 0, 0),
(819, 73, 2, 1, '20220411 114245', '4', 0, 4, 0, 0, 0),
(820, 74, 2, 1, '20220411 114245', '5', 5, 0, 0, 0, 0),
(821, 75, 1, 2, '20220411 114245', '1', 0, 0, 0, 0, 1),
(822, 76, 2, 2, '20220411 114245', '5', 5, 0, 0, 0, 0),
(823, 77, 1, 3, '20220411 114245', '1', 0, 0, 0, 0, 1),
(824, 78, 2, 3, '20220411 114245', '4', 0, 4, 0, 0, 0),
(825, 79, 1, 4, '20220411 114245', '1', 0, 0, 0, 0, 1),
(826, 80, 2, 4, '20220411 114245', '4', 0, 4, 0, 0, 0),
(827, 81, 1, 5, '20220411 114245', '1', 0, 0, 0, 0, 1),
(828, 82, 2, 5, '20220411 114245', '5', 5, 0, 0, 0, 0),
(829, 89, 1, 6, '20220411 114245', '2', 0, 0, 0, 2, 0),
(830, 90, 2, 6, '20220411 114245', '5', 5, 0, 0, 0, 0),
(831, 83, 1, 7, '20220411 114245', '2', 0, 0, 0, 2, 0),
(832, 84, 2, 7, '20220411 114245', '4', 0, 4, 0, 0, 0),
(833, 85, 1, 8, '20220411 114245', '2', 0, 0, 0, 2, 0),
(834, 86, 2, 8, '20220411 114245', '4', 0, 4, 0, 0, 0),
(835, 87, 1, 9, '20220411 114245', '3', 0, 0, 3, 0, 0),
(836, 88, 2, 9, '20220411 114245', '5', 5, 0, 0, 0, 0),
(837, 69, 1, 1, '20220411 114327', '2', 0, 0, 0, 2, 0),
(838, 70, 1, 1, '20220411 114327', '1', 0, 0, 0, 0, 1),
(839, 71, 1, 1, '20220411 114327', '2', 0, 0, 0, 2, 0),
(840, 72, 2, 1, '20220411 114327', '4', 0, 4, 0, 0, 0),
(841, 73, 2, 1, '20220411 114327', '4', 0, 4, 0, 0, 0),
(842, 74, 2, 1, '20220411 114327', '5', 5, 0, 0, 0, 0),
(843, 75, 1, 2, '20220411 114327', '2', 0, 0, 0, 2, 0),
(844, 76, 2, 2, '20220411 114327', '5', 5, 0, 0, 0, 0),
(845, 77, 1, 3, '20220411 114327', '3', 0, 0, 3, 0, 0),
(846, 78, 2, 3, '20220411 114327', '5', 5, 0, 0, 0, 0),
(847, 79, 1, 4, '20220411 114327', '1', 0, 0, 0, 0, 1),
(848, 80, 2, 4, '20220411 114327', '4', 0, 4, 0, 0, 0),
(849, 81, 1, 5, '20220411 114327', '3', 0, 0, 3, 0, 0),
(850, 82, 2, 5, '20220411 114327', '5', 5, 0, 0, 0, 0),
(851, 89, 1, 6, '20220411 114327', '2', 0, 0, 0, 2, 0),
(852, 90, 2, 6, '20220411 114327', '4', 0, 4, 0, 0, 0),
(853, 83, 1, 7, '20220411 114327', '3', 0, 0, 3, 0, 0),
(854, 84, 2, 7, '20220411 114327', '5', 5, 0, 0, 0, 0),
(855, 85, 1, 8, '20220411 114327', '3', 0, 0, 3, 0, 0),
(856, 86, 2, 8, '20220411 114327', '5', 5, 0, 0, 0, 0),
(857, 87, 1, 9, '20220411 114327', '2', 0, 0, 0, 2, 0),
(858, 88, 2, 9, '20220411 114327', '4', 0, 4, 0, 0, 0),
(859, 69, 1, 1, '20220411 114418', '1', 0, 0, 0, 0, 1),
(860, 70, 1, 1, '20220411 114418', '1', 0, 0, 0, 0, 1),
(861, 71, 1, 1, '20220411 114418', '3', 0, 0, 3, 0, 0),
(862, 72, 2, 1, '20220411 114418', '5', 5, 0, 0, 0, 0),
(863, 73, 2, 1, '20220411 114418', '5', 5, 0, 0, 0, 0),
(864, 74, 2, 1, '20220411 114418', '5', 5, 0, 0, 0, 0),
(865, 75, 1, 2, '20220411 114418', '3', 0, 0, 3, 0, 0),
(866, 76, 2, 2, '20220411 114418', '4', 0, 4, 0, 0, 0),
(867, 77, 1, 3, '20220411 114418', '2', 0, 0, 0, 2, 0),
(868, 78, 2, 3, '20220411 114418', '4', 0, 4, 0, 0, 0),
(869, 79, 1, 4, '20220411 114418', '2', 0, 0, 0, 2, 0),
(870, 80, 2, 4, '20220411 114418', '5', 5, 0, 0, 0, 0),
(871, 81, 1, 5, '20220411 114418', '1', 0, 0, 0, 0, 1),
(872, 82, 2, 5, '20220411 114418', '4', 0, 4, 0, 0, 0),
(873, 89, 1, 6, '20220411 114418', '1', 0, 0, 0, 0, 1),
(874, 90, 2, 6, '20220411 114418', '4', 0, 4, 0, 0, 0),
(875, 83, 1, 7, '20220411 114418', '1', 0, 0, 0, 0, 1),
(876, 84, 2, 7, '20220411 114418', '5', 5, 0, 0, 0, 0),
(877, 85, 1, 8, '20220411 114418', '1', 0, 0, 0, 0, 1),
(878, 86, 2, 8, '20220411 114418', '3', 0, 0, 3, 0, 0),
(879, 87, 1, 9, '20220411 114418', '2', 0, 0, 0, 2, 0),
(880, 88, 2, 9, '20220411 114418', '4', 0, 4, 0, 0, 0),
(881, 69, 1, 1, '20220411 114453', '2', 0, 0, 0, 2, 0),
(882, 70, 1, 1, '20220411 114453', '2', 0, 0, 0, 2, 0),
(883, 71, 1, 1, '20220411 114453', '2', 0, 0, 0, 2, 0),
(884, 72, 2, 1, '20220411 114453', '4', 0, 4, 0, 0, 0),
(885, 73, 2, 1, '20220411 114453', '4', 0, 4, 0, 0, 0),
(886, 74, 2, 1, '20220411 114453', '5', 5, 0, 0, 0, 0),
(887, 75, 1, 2, '20220411 114453', '3', 0, 0, 3, 0, 0),
(888, 76, 2, 2, '20220411 114453', '5', 5, 0, 0, 0, 0),
(889, 77, 1, 3, '20220411 114453', '2', 0, 0, 0, 2, 0),
(890, 78, 2, 3, '20220411 114453', '5', 5, 0, 0, 0, 0),
(891, 79, 1, 4, '20220411 114453', '2', 0, 0, 0, 2, 0),
(892, 80, 2, 4, '20220411 114453', '5', 5, 0, 0, 0, 0),
(893, 81, 1, 5, '20220411 114453', '1', 0, 0, 0, 0, 1),
(894, 82, 2, 5, '20220411 114453', '5', 5, 0, 0, 0, 0),
(895, 89, 1, 6, '20220411 114453', '2', 0, 0, 0, 2, 0),
(896, 90, 2, 6, '20220411 114453', '5', 5, 0, 0, 0, 0),
(897, 83, 1, 7, '20220411 114453', '1', 0, 0, 0, 0, 1),
(898, 84, 2, 7, '20220411 114453', '4', 0, 4, 0, 0, 0),
(899, 85, 1, 8, '20220411 114453', '1', 0, 0, 0, 0, 1),
(900, 86, 2, 8, '20220411 114453', '5', 5, 0, 0, 0, 0),
(901, 87, 1, 9, '20220411 114453', '1', 0, 0, 0, 0, 1),
(902, 88, 2, 9, '20220411 114453', '5', 5, 0, 0, 0, 0),
(903, 69, 1, 1, '20220411 114543', '1', 0, 0, 0, 0, 1),
(904, 70, 1, 1, '20220411 114543', '2', 0, 0, 0, 2, 0),
(905, 71, 1, 1, '20220411 114543', '2', 0, 0, 0, 2, 0),
(906, 72, 2, 1, '20220411 114543', '4', 0, 4, 0, 0, 0),
(907, 73, 2, 1, '20220411 114543', '5', 5, 0, 0, 0, 0),
(908, 74, 2, 1, '20220411 114543', '4', 0, 4, 0, 0, 0),
(909, 75, 1, 2, '20220411 114543', '2', 0, 0, 0, 2, 0),
(910, 76, 2, 2, '20220411 114543', '5', 5, 0, 0, 0, 0),
(911, 77, 1, 3, '20220411 114543', '1', 0, 0, 0, 0, 1),
(912, 78, 2, 3, '20220411 114543', '4', 0, 4, 0, 0, 0),
(913, 79, 1, 4, '20220411 114543', '1', 0, 0, 0, 0, 1),
(914, 80, 2, 4, '20220411 114543', '4', 0, 4, 0, 0, 0),
(915, 81, 1, 5, '20220411 114543', '1', 0, 0, 0, 0, 1),
(916, 82, 2, 5, '20220411 114543', '5', 5, 0, 0, 0, 0),
(917, 89, 1, 6, '20220411 114543', '1', 0, 0, 0, 0, 1),
(918, 90, 2, 6, '20220411 114543', '5', 5, 0, 0, 0, 0),
(919, 83, 1, 7, '20220411 114543', '2', 0, 0, 0, 2, 0),
(920, 84, 2, 7, '20220411 114543', '4', 0, 4, 0, 0, 0),
(921, 85, 1, 8, '20220411 114543', '2', 0, 0, 0, 2, 0),
(922, 86, 2, 8, '20220411 114543', '5', 5, 0, 0, 0, 0),
(923, 87, 1, 9, '20220411 114543', '3', 0, 0, 3, 0, 0),
(924, 88, 2, 9, '20220411 114543', '5', 5, 0, 0, 0, 0),
(925, 69, 1, 1, '20220411 123215', '4', 0, 4, 0, 0, 0),
(926, 70, 1, 1, '20220411 123215', '5', 5, 0, 0, 0, 0),
(927, 71, 1, 1, '20220411 123215', '5', 5, 0, 0, 0, 0),
(928, 72, 2, 1, '20220411 123215', '1', 0, 0, 0, 0, 1),
(929, 73, 2, 1, '20220411 123215', '3', 0, 0, 3, 0, 0),
(930, 74, 2, 1, '20220411 123215', '4', 0, 4, 0, 0, 0),
(931, 75, 1, 2, '20220411 123215', '4', 0, 4, 0, 0, 0),
(932, 76, 2, 2, '20220411 123215', '5', 5, 0, 0, 0, 0),
(933, 77, 1, 3, '20220411 123215', '1', 0, 0, 0, 0, 1),
(934, 78, 2, 3, '20220411 123215', '4', 0, 4, 0, 0, 0),
(935, 79, 1, 4, '20220411 123215', '1', 0, 0, 0, 0, 1),
(936, 80, 2, 4, '20220411 123215', '1', 0, 0, 0, 0, 1),
(937, 81, 1, 5, '20220411 123215', '3', 0, 0, 3, 0, 0),
(938, 82, 2, 5, '20220411 123215', '2', 0, 0, 0, 2, 0),
(939, 89, 1, 6, '20220411 123215', '2', 0, 0, 0, 2, 0),
(940, 90, 2, 6, '20220411 123215', '1', 0, 0, 0, 0, 1),
(941, 83, 1, 7, '20220411 123215', '5', 5, 0, 0, 0, 0),
(942, 84, 2, 7, '20220411 123215', '5', 5, 0, 0, 0, 0),
(943, 85, 1, 8, '20220411 123215', '3', 0, 0, 3, 0, 0),
(944, 86, 2, 8, '20220411 123215', '5', 5, 0, 0, 0, 0),
(945, 87, 1, 9, '20220411 123215', '3', 0, 0, 3, 0, 0),
(946, 88, 2, 9, '20220411 123215', '1', 0, 0, 0, 0, 1),
(947, 69, 1, 1, '20220411 123217', '5', 5, 0, 0, 0, 0),
(948, 70, 1, 1, '20220411 123217', '2', 0, 0, 0, 2, 0),
(949, 71, 1, 1, '20220411 123217', '2', 0, 0, 0, 2, 0),
(950, 72, 2, 1, '20220411 123217', '3', 0, 0, 3, 0, 0),
(951, 73, 2, 1, '20220411 123217', '3', 0, 0, 3, 0, 0),
(952, 74, 2, 1, '20220411 123217', '2', 0, 0, 0, 2, 0),
(953, 75, 1, 2, '20220411 123217', '4', 0, 4, 0, 0, 0),
(954, 76, 2, 2, '20220411 123217', '2', 0, 0, 0, 2, 0),
(955, 77, 1, 3, '20220411 123217', '3', 0, 0, 3, 0, 0),
(956, 78, 2, 3, '20220411 123217', '4', 0, 4, 0, 0, 0),
(957, 79, 1, 4, '20220411 123217', '4', 0, 4, 0, 0, 0),
(958, 80, 2, 4, '20220411 123217', '5', 5, 0, 0, 0, 0),
(959, 81, 1, 5, '20220411 123217', '1', 0, 0, 0, 0, 1),
(960, 82, 2, 5, '20220411 123217', '2', 0, 0, 0, 2, 0),
(961, 89, 1, 6, '20220411 123217', '5', 5, 0, 0, 0, 0),
(962, 90, 2, 6, '20220411 123217', '4', 0, 4, 0, 0, 0),
(963, 83, 1, 7, '20220411 123217', '5', 5, 0, 0, 0, 0),
(964, 84, 2, 7, '20220411 123217', '1', 0, 0, 0, 0, 1),
(965, 85, 1, 8, '20220411 123217', '1', 0, 0, 0, 0, 1),
(966, 86, 2, 8, '20220411 123217', '3', 0, 0, 3, 0, 0),
(967, 87, 1, 9, '20220411 123217', '5', 5, 0, 0, 0, 0),
(968, 88, 2, 9, '20220411 123217', '1', 0, 0, 0, 0, 1),
(969, 69, 1, 1, '20220411 123217', '5', 5, 0, 0, 0, 0),
(970, 70, 1, 1, '20220411 123217', '1', 0, 0, 0, 0, 1),
(971, 71, 1, 1, '20220411 123217', '5', 5, 0, 0, 0, 0),
(972, 72, 2, 1, '20220411 123217', '1', 0, 0, 0, 0, 1),
(973, 73, 2, 1, '20220411 123217', '4', 0, 4, 0, 0, 0),
(974, 74, 2, 1, '20220411 123217', '2', 0, 0, 0, 2, 0),
(975, 75, 1, 2, '20220411 123217', '1', 0, 0, 0, 0, 1),
(976, 76, 2, 2, '20220411 123217', '1', 0, 0, 0, 0, 1),
(977, 77, 1, 3, '20220411 123217', '5', 5, 0, 0, 0, 0),
(978, 78, 2, 3, '20220411 123217', '1', 0, 0, 0, 0, 1),
(979, 79, 1, 4, '20220411 123217', '4', 0, 4, 0, 0, 0),
(980, 80, 2, 4, '20220411 123217', '3', 0, 0, 3, 0, 0),
(981, 81, 1, 5, '20220411 123217', '5', 5, 0, 0, 0, 0),
(982, 82, 2, 5, '20220411 123217', '3', 0, 0, 3, 0, 0),
(983, 89, 1, 6, '20220411 123217', '1', 0, 0, 0, 0, 1),
(984, 90, 2, 6, '20220411 123217', '5', 5, 0, 0, 0, 0),
(985, 83, 1, 7, '20220411 123217', '3', 0, 0, 3, 0, 0),
(986, 84, 2, 7, '20220411 123217', '3', 0, 0, 3, 0, 0),
(987, 85, 1, 8, '20220411 123217', '3', 0, 0, 3, 0, 0),
(988, 86, 2, 8, '20220411 123217', '1', 0, 0, 0, 0, 1),
(989, 87, 1, 9, '20220411 123217', '3', 0, 0, 3, 0, 0),
(990, 88, 2, 9, '20220411 123217', '1', 0, 0, 0, 0, 1),
(991, 69, 1, 1, '20220411 123218', '5', 5, 0, 0, 0, 0),
(992, 70, 1, 1, '20220411 123218', '5', 5, 0, 0, 0, 0),
(993, 71, 1, 1, '20220411 123218', '4', 0, 4, 0, 0, 0),
(994, 72, 2, 1, '20220411 123218', '1', 0, 0, 0, 0, 1),
(995, 73, 2, 1, '20220411 123218', '4', 0, 4, 0, 0, 0),
(996, 74, 2, 1, '20220411 123218', '5', 5, 0, 0, 0, 0),
(997, 75, 1, 2, '20220411 123218', '5', 5, 0, 0, 0, 0),
(998, 76, 2, 2, '20220411 123218', '2', 0, 0, 0, 2, 0),
(999, 77, 1, 3, '20220411 123218', '1', 0, 0, 0, 0, 1),
(1000, 78, 2, 3, '20220411 123218', '1', 0, 0, 0, 0, 1),
(1001, 79, 1, 4, '20220411 123218', '2', 0, 0, 0, 2, 0),
(1002, 80, 2, 4, '20220411 123218', '4', 0, 4, 0, 0, 0),
(1003, 81, 1, 5, '20220411 123218', '4', 0, 4, 0, 0, 0),
(1004, 82, 2, 5, '20220411 123218', '2', 0, 0, 0, 2, 0),
(1005, 89, 1, 6, '20220411 123218', '2', 0, 0, 0, 2, 0),
(1006, 90, 2, 6, '20220411 123218', '2', 0, 0, 0, 2, 0),
(1007, 83, 1, 7, '20220411 123218', '4', 0, 4, 0, 0, 0),
(1008, 84, 2, 7, '20220411 123218', '1', 0, 0, 0, 0, 1),
(1009, 85, 1, 8, '20220411 123218', '5', 5, 0, 0, 0, 0),
(1010, 86, 2, 8, '20220411 123218', '5', 5, 0, 0, 0, 0),
(1011, 87, 1, 9, '20220411 123218', '5', 5, 0, 0, 0, 0),
(1012, 88, 2, 9, '20220411 123218', '5', 5, 0, 0, 0, 0),
(1013, 69, 1, 1, '20220411 123218', '2', 0, 0, 0, 2, 0),
(1014, 70, 1, 1, '20220411 123218', '5', 5, 0, 0, 0, 0),
(1015, 71, 1, 1, '20220411 123218', '5', 5, 0, 0, 0, 0),
(1016, 72, 2, 1, '20220411 123218', '4', 0, 4, 0, 0, 0),
(1017, 73, 2, 1, '20220411 123218', '3', 0, 0, 3, 0, 0),
(1018, 74, 2, 1, '20220411 123218', '2', 0, 0, 0, 2, 0),
(1019, 75, 1, 2, '20220411 123218', '1', 0, 0, 0, 0, 1),
(1020, 76, 2, 2, '20220411 123218', '2', 0, 0, 0, 2, 0),
(1021, 77, 1, 3, '20220411 123218', '1', 0, 0, 0, 0, 1),
(1022, 78, 2, 3, '20220411 123218', '2', 0, 0, 0, 2, 0),
(1023, 79, 1, 4, '20220411 123218', '1', 0, 0, 0, 0, 1),
(1024, 80, 2, 4, '20220411 123218', '2', 0, 0, 0, 2, 0),
(1025, 81, 1, 5, '20220411 123218', '5', 5, 0, 0, 0, 0),
(1026, 82, 2, 5, '20220411 123218', '3', 0, 0, 3, 0, 0),
(1027, 89, 1, 6, '20220411 123218', '4', 0, 4, 0, 0, 0),
(1028, 90, 2, 6, '20220411 123218', '1', 0, 0, 0, 0, 1),
(1029, 83, 1, 7, '20220411 123218', '1', 0, 0, 0, 0, 1),
(1030, 84, 2, 7, '20220411 123218', '1', 0, 0, 0, 0, 1),
(1031, 85, 1, 8, '20220411 123218', '5', 5, 0, 0, 0, 0),
(1032, 86, 2, 8, '20220411 123218', '4', 0, 4, 0, 0, 0),
(1033, 87, 1, 9, '20220411 123218', '3', 0, 0, 3, 0, 0),
(1034, 88, 2, 9, '20220411 123218', '1', 0, 0, 0, 0, 1),
(1035, 69, 1, 1, '20220411 123218', '3', 0, 0, 3, 0, 0),
(1036, 70, 1, 1, '20220411 123218', '2', 0, 0, 0, 2, 0),
(1037, 71, 1, 1, '20220411 123218', '5', 5, 0, 0, 0, 0),
(1038, 72, 2, 1, '20220411 123218', '5', 5, 0, 0, 0, 0),
(1039, 73, 2, 1, '20220411 123218', '1', 0, 0, 0, 0, 1),
(1040, 74, 2, 1, '20220411 123218', '3', 0, 0, 3, 0, 0),
(1041, 75, 1, 2, '20220411 123218', '4', 0, 4, 0, 0, 0),
(1042, 76, 2, 2, '20220411 123218', '5', 5, 0, 0, 0, 0),
(1043, 77, 1, 3, '20220411 123218', '1', 0, 0, 0, 0, 1),
(1044, 78, 2, 3, '20220411 123218', '5', 5, 0, 0, 0, 0),
(1045, 79, 1, 4, '20220411 123218', '2', 0, 0, 0, 2, 0),
(1046, 80, 2, 4, '20220411 123218', '3', 0, 0, 3, 0, 0),
(1047, 81, 1, 5, '20220411 123218', '4', 0, 4, 0, 0, 0),
(1048, 82, 2, 5, '20220411 123218', '2', 0, 0, 0, 2, 0),
(1049, 89, 1, 6, '20220411 123218', '5', 5, 0, 0, 0, 0),
(1050, 90, 2, 6, '20220411 123218', '3', 0, 0, 3, 0, 0),
(1051, 83, 1, 7, '20220411 123218', '1', 0, 0, 0, 0, 1),
(1052, 84, 2, 7, '20220411 123218', '4', 0, 4, 0, 0, 0),
(1053, 85, 1, 8, '20220411 123218', '3', 0, 0, 3, 0, 0),
(1054, 86, 2, 8, '20220411 123218', '1', 0, 0, 0, 0, 1),
(1055, 87, 1, 9, '20220411 123218', '3', 0, 0, 3, 0, 0),
(1056, 88, 2, 9, '20220411 123218', '3', 0, 0, 3, 0, 0),
(1057, 69, 1, 1, '20220411 123218', '5', 5, 0, 0, 0, 0),
(1058, 70, 1, 1, '20220411 123218', '2', 0, 0, 0, 2, 0),
(1059, 71, 1, 1, '20220411 123218', '5', 5, 0, 0, 0, 0),
(1060, 72, 2, 1, '20220411 123218', '4', 0, 4, 0, 0, 0),
(1061, 73, 2, 1, '20220411 123218', '5', 5, 0, 0, 0, 0),
(1062, 74, 2, 1, '20220411 123218', '2', 0, 0, 0, 2, 0),
(1063, 75, 1, 2, '20220411 123218', '3', 0, 0, 3, 0, 0),
(1064, 76, 2, 2, '20220411 123218', '5', 5, 0, 0, 0, 0),
(1065, 77, 1, 3, '20220411 123218', '4', 0, 4, 0, 0, 0),
(1066, 78, 2, 3, '20220411 123218', '5', 5, 0, 0, 0, 0),
(1067, 79, 1, 4, '20220411 123218', '2', 0, 0, 0, 2, 0),
(1068, 80, 2, 4, '20220411 123218', '3', 0, 0, 3, 0, 0),
(1069, 81, 1, 5, '20220411 123218', '3', 0, 0, 3, 0, 0),
(1070, 82, 2, 5, '20220411 123218', '2', 0, 0, 0, 2, 0),
(1071, 89, 1, 6, '20220411 123218', '1', 0, 0, 0, 0, 1),
(1072, 90, 2, 6, '20220411 123218', '3', 0, 0, 3, 0, 0),
(1073, 83, 1, 7, '20220411 123218', '1', 0, 0, 0, 0, 1),
(1074, 84, 2, 7, '20220411 123218', '3', 0, 0, 3, 0, 0),
(1075, 85, 1, 8, '20220411 123218', '5', 5, 0, 0, 0, 0),
(1076, 86, 2, 8, '20220411 123218', '1', 0, 0, 0, 0, 1),
(1077, 87, 1, 9, '20220411 123218', '2', 0, 0, 0, 2, 0),
(1078, 88, 2, 9, '20220411 123218', '3', 0, 0, 3, 0, 0),
(1079, 69, 1, 1, '20220411 123219', '3', 0, 0, 3, 0, 0),
(1080, 70, 1, 1, '20220411 123219', '3', 0, 0, 3, 0, 0),
(1081, 71, 1, 1, '20220411 123219', '3', 0, 0, 3, 0, 0),
(1082, 72, 2, 1, '20220411 123219', '3', 0, 0, 3, 0, 0),
(1083, 73, 2, 1, '20220411 123219', '3', 0, 0, 3, 0, 0),
(1084, 74, 2, 1, '20220411 123219', '1', 0, 0, 0, 0, 1),
(1085, 75, 1, 2, '20220411 123219', '3', 0, 0, 3, 0, 0),
(1086, 76, 2, 2, '20220411 123219', '3', 0, 0, 3, 0, 0),
(1087, 77, 1, 3, '20220411 123219', '4', 0, 4, 0, 0, 0),
(1088, 78, 2, 3, '20220411 123219', '5', 5, 0, 0, 0, 0),
(1089, 79, 1, 4, '20220411 123219', '2', 0, 0, 0, 2, 0),
(1090, 80, 2, 4, '20220411 123219', '2', 0, 0, 0, 2, 0),
(1091, 81, 1, 5, '20220411 123219', '3', 0, 0, 3, 0, 0),
(1092, 82, 2, 5, '20220411 123219', '1', 0, 0, 0, 0, 1),
(1093, 89, 1, 6, '20220411 123219', '3', 0, 0, 3, 0, 0),
(1094, 90, 2, 6, '20220411 123219', '4', 0, 4, 0, 0, 0),
(1095, 83, 1, 7, '20220411 123219', '3', 0, 0, 3, 0, 0),
(1096, 84, 2, 7, '20220411 123219', '2', 0, 0, 0, 2, 0),
(1097, 85, 1, 8, '20220411 123219', '4', 0, 4, 0, 0, 0),
(1098, 86, 2, 8, '20220411 123219', '4', 0, 4, 0, 0, 0),
(1099, 87, 1, 9, '20220411 123219', '4', 0, 4, 0, 0, 0),
(1100, 88, 2, 9, '20220411 123219', '2', 0, 0, 0, 2, 0),
(1101, 69, 1, 1, '20220411 123219', '4', 0, 4, 0, 0, 0),
(1102, 70, 1, 1, '20220411 123219', '5', 5, 0, 0, 0, 0),
(1103, 71, 1, 1, '20220411 123219', '1', 0, 0, 0, 0, 1),
(1104, 72, 2, 1, '20220411 123219', '5', 5, 0, 0, 0, 0),
(1105, 73, 2, 1, '20220411 123219', '5', 5, 0, 0, 0, 0),
(1106, 74, 2, 1, '20220411 123219', '4', 0, 4, 0, 0, 0),
(1107, 75, 1, 2, '20220411 123219', '1', 0, 0, 0, 0, 1),
(1108, 76, 2, 2, '20220411 123219', '4', 0, 4, 0, 0, 0),
(1109, 77, 1, 3, '20220411 123219', '5', 5, 0, 0, 0, 0),
(1110, 78, 2, 3, '20220411 123219', '4', 0, 4, 0, 0, 0),
(1111, 79, 1, 4, '20220411 123219', '2', 0, 0, 0, 2, 0),
(1112, 80, 2, 4, '20220411 123219', '3', 0, 0, 3, 0, 0),
(1113, 81, 1, 5, '20220411 123219', '1', 0, 0, 0, 0, 1),
(1114, 82, 2, 5, '20220411 123219', '2', 0, 0, 0, 2, 0),
(1115, 89, 1, 6, '20220411 123219', '2', 0, 0, 0, 2, 0),
(1116, 90, 2, 6, '20220411 123219', '3', 0, 0, 3, 0, 0),
(1117, 83, 1, 7, '20220411 123219', '3', 0, 0, 3, 0, 0),
(1118, 84, 2, 7, '20220411 123219', '2', 0, 0, 0, 2, 0),
(1119, 85, 1, 8, '20220411 123219', '2', 0, 0, 0, 2, 0),
(1120, 86, 2, 8, '20220411 123219', '5', 5, 0, 0, 0, 0),
(1121, 87, 1, 9, '20220411 123219', '3', 0, 0, 3, 0, 0),
(1122, 88, 2, 9, '20220411 123219', '4', 0, 4, 0, 0, 0),
(1123, 69, 1, 1, '20220411 123219', '2', 0, 0, 0, 2, 0),
(1124, 70, 1, 1, '20220411 123219', '2', 0, 0, 0, 2, 0),
(1125, 71, 1, 1, '20220411 123219', '3', 0, 0, 3, 0, 0),
(1126, 72, 2, 1, '20220411 123219', '2', 0, 0, 0, 2, 0),
(1127, 73, 2, 1, '20220411 123219', '2', 0, 0, 0, 2, 0),
(1128, 74, 2, 1, '20220411 123219', '4', 0, 4, 0, 0, 0),
(1129, 75, 1, 2, '20220411 123219', '5', 5, 0, 0, 0, 0),
(1130, 76, 2, 2, '20220411 123219', '3', 0, 0, 3, 0, 0),
(1131, 77, 1, 3, '20220411 123219', '4', 0, 4, 0, 0, 0),
(1132, 78, 2, 3, '20220411 123219', '4', 0, 4, 0, 0, 0),
(1133, 79, 1, 4, '20220411 123219', '4', 0, 4, 0, 0, 0),
(1134, 80, 2, 4, '20220411 123219', '4', 0, 4, 0, 0, 0),
(1135, 81, 1, 5, '20220411 123219', '1', 0, 0, 0, 0, 1),
(1136, 82, 2, 5, '20220411 123219', '2', 0, 0, 0, 2, 0),
(1137, 89, 1, 6, '20220411 123219', '2', 0, 0, 0, 2, 0),
(1138, 90, 2, 6, '20220411 123219', '1', 0, 0, 0, 0, 1),
(1139, 83, 1, 7, '20220411 123219', '3', 0, 0, 3, 0, 0),
(1140, 84, 2, 7, '20220411 123219', '4', 0, 4, 0, 0, 0),
(1141, 85, 1, 8, '20220411 123219', '2', 0, 0, 0, 2, 0),
(1142, 86, 2, 8, '20220411 123219', '2', 0, 0, 0, 2, 0),
(1143, 87, 1, 9, '20220411 123219', '5', 5, 0, 0, 0, 0),
(1144, 88, 2, 9, '20220411 123219', '5', 5, 0, 0, 0, 0),
(1145, 69, 1, 1, '20220411 123219', '3', 0, 0, 3, 0, 0),
(1146, 70, 1, 1, '20220411 123219', '2', 0, 0, 0, 2, 0),
(1147, 71, 1, 1, '20220411 123219', '3', 0, 0, 3, 0, 0),
(1148, 72, 2, 1, '20220411 123219', '3', 0, 0, 3, 0, 0),
(1149, 73, 2, 1, '20220411 123219', '3', 0, 0, 3, 0, 0),
(1150, 74, 2, 1, '20220411 123219', '2', 0, 0, 0, 2, 0),
(1151, 75, 1, 2, '20220411 123219', '1', 0, 0, 0, 0, 1),
(1152, 76, 2, 2, '20220411 123219', '3', 0, 0, 3, 0, 0),
(1153, 77, 1, 3, '20220411 123219', '4', 0, 4, 0, 0, 0),
(1154, 78, 2, 3, '20220411 123219', '5', 5, 0, 0, 0, 0),
(1155, 79, 1, 4, '20220411 123219', '1', 0, 0, 0, 0, 1),
(1156, 80, 2, 4, '20220411 123219', '1', 0, 0, 0, 0, 1),
(1157, 81, 1, 5, '20220411 123219', '1', 0, 0, 0, 0, 1),
(1158, 82, 2, 5, '20220411 123219', '1', 0, 0, 0, 0, 1),
(1159, 89, 1, 6, '20220411 123219', '2', 0, 0, 0, 2, 0),
(1160, 90, 2, 6, '20220411 123219', '1', 0, 0, 0, 0, 1),
(1161, 83, 1, 7, '20220411 123219', '1', 0, 0, 0, 0, 1),
(1162, 84, 2, 7, '20220411 123219', '5', 5, 0, 0, 0, 0),
(1163, 85, 1, 8, '20220411 123219', '4', 0, 4, 0, 0, 0),
(1164, 86, 2, 8, '20220411 123219', '3', 0, 0, 3, 0, 0),
(1165, 87, 1, 9, '20220411 123219', '2', 0, 0, 0, 2, 0),
(1166, 88, 2, 9, '20220411 123219', '2', 0, 0, 0, 2, 0),
(1167, 69, 1, 1, '20220411 123220', '2', 0, 0, 0, 2, 0),
(1168, 70, 1, 1, '20220411 123220', '2', 0, 0, 0, 2, 0),
(1169, 71, 1, 1, '20220411 123220', '3', 0, 0, 3, 0, 0),
(1170, 72, 2, 1, '20220411 123220', '3', 0, 0, 3, 0, 0),
(1171, 73, 2, 1, '20220411 123220', '3', 0, 0, 3, 0, 0),
(1172, 74, 2, 1, '20220411 123220', '1', 0, 0, 0, 0, 1),
(1173, 75, 1, 2, '20220411 123220', '2', 0, 0, 0, 2, 0),
(1174, 76, 2, 2, '20220411 123220', '1', 0, 0, 0, 0, 1),
(1175, 77, 1, 3, '20220411 123220', '5', 5, 0, 0, 0, 0),
(1176, 78, 2, 3, '20220411 123220', '5', 5, 0, 0, 0, 0),
(1177, 79, 1, 4, '20220411 123220', '3', 0, 0, 3, 0, 0),
(1178, 80, 2, 4, '20220411 123220', '4', 0, 4, 0, 0, 0),
(1179, 81, 1, 5, '20220411 123220', '1', 0, 0, 0, 0, 1),
(1180, 82, 2, 5, '20220411 123220', '4', 0, 4, 0, 0, 0),
(1181, 89, 1, 6, '20220411 123220', '5', 5, 0, 0, 0, 0),
(1182, 90, 2, 6, '20220411 123220', '2', 0, 0, 0, 2, 0),
(1183, 83, 1, 7, '20220411 123220', '5', 5, 0, 0, 0, 0),
(1184, 84, 2, 7, '20220411 123220', '4', 0, 4, 0, 0, 0),
(1185, 85, 1, 8, '20220411 123220', '1', 0, 0, 0, 0, 1),
(1186, 86, 2, 8, '20220411 123220', '2', 0, 0, 0, 2, 0),
(1187, 87, 1, 9, '20220411 123220', '5', 5, 0, 0, 0, 0),
(1188, 88, 2, 9, '20220411 123220', '5', 5, 0, 0, 0, 0),
(1189, 69, 1, 1, '20220411 123220', '4', 0, 4, 0, 0, 0),
(1190, 70, 1, 1, '20220411 123220', '2', 0, 0, 0, 2, 0),
(1191, 71, 1, 1, '20220411 123220', '2', 0, 0, 0, 2, 0),
(1192, 72, 2, 1, '20220411 123220', '4', 0, 4, 0, 0, 0),
(1193, 73, 2, 1, '20220411 123220', '5', 5, 0, 0, 0, 0),
(1194, 74, 2, 1, '20220411 123220', '5', 5, 0, 0, 0, 0),
(1195, 75, 1, 2, '20220411 123220', '1', 0, 0, 0, 0, 1),
(1196, 76, 2, 2, '20220411 123220', '3', 0, 0, 3, 0, 0),
(1197, 77, 1, 3, '20220411 123220', '1', 0, 0, 0, 0, 1),
(1198, 78, 2, 3, '20220411 123220', '3', 0, 0, 3, 0, 0),
(1199, 79, 1, 4, '20220411 123220', '5', 5, 0, 0, 0, 0),
(1200, 80, 2, 4, '20220411 123220', '5', 5, 0, 0, 0, 0),
(1201, 81, 1, 5, '20220411 123220', '1', 0, 0, 0, 0, 1),
(1202, 82, 2, 5, '20220411 123220', '4', 0, 4, 0, 0, 0),
(1203, 89, 1, 6, '20220411 123220', '2', 0, 0, 0, 2, 0),
(1204, 90, 2, 6, '20220411 123220', '5', 5, 0, 0, 0, 0),
(1205, 83, 1, 7, '20220411 123220', '1', 0, 0, 0, 0, 1),
(1206, 84, 2, 7, '20220411 123220', '1', 0, 0, 0, 0, 1),
(1207, 85, 1, 8, '20220411 123220', '2', 0, 0, 0, 2, 0),
(1208, 86, 2, 8, '20220411 123220', '1', 0, 0, 0, 0, 1),
(1209, 87, 1, 9, '20220411 123220', '4', 0, 4, 0, 0, 0),
(1210, 88, 2, 9, '20220411 123220', '5', 5, 0, 0, 0, 0),
(1211, 69, 1, 1, '20220411 123220', '1', 0, 0, 0, 0, 1),
(1212, 70, 1, 1, '20220411 123220', '5', 5, 0, 0, 0, 0),
(1213, 71, 1, 1, '20220411 123220', '2', 0, 0, 0, 2, 0),
(1214, 72, 2, 1, '20220411 123220', '1', 0, 0, 0, 0, 1),
(1215, 73, 2, 1, '20220411 123220', '2', 0, 0, 0, 2, 0),
(1216, 74, 2, 1, '20220411 123220', '2', 0, 0, 0, 2, 0),
(1217, 75, 1, 2, '20220411 123220', '5', 5, 0, 0, 0, 0),
(1218, 76, 2, 2, '20220411 123220', '4', 0, 4, 0, 0, 0),
(1219, 77, 1, 3, '20220411 123220', '5', 5, 0, 0, 0, 0),
(1220, 78, 2, 3, '20220411 123220', '4', 0, 4, 0, 0, 0),
(1221, 79, 1, 4, '20220411 123220', '3', 0, 0, 3, 0, 0),
(1222, 80, 2, 4, '20220411 123220', '2', 0, 0, 0, 2, 0),
(1223, 81, 1, 5, '20220411 123220', '5', 5, 0, 0, 0, 0),
(1224, 82, 2, 5, '20220411 123220', '1', 0, 0, 0, 0, 1),
(1225, 89, 1, 6, '20220411 123220', '3', 0, 0, 3, 0, 0),
(1226, 90, 2, 6, '20220411 123220', '2', 0, 0, 0, 2, 0),
(1227, 83, 1, 7, '20220411 123220', '2', 0, 0, 0, 2, 0),
(1228, 84, 2, 7, '20220411 123220', '5', 5, 0, 0, 0, 0),
(1229, 85, 1, 8, '20220411 123220', '3', 0, 0, 3, 0, 0),
(1230, 86, 2, 8, '20220411 123220', '4', 0, 4, 0, 0, 0),
(1231, 87, 1, 9, '20220411 123220', '1', 0, 0, 0, 0, 1),
(1232, 88, 2, 9, '20220411 123220', '2', 0, 0, 0, 2, 0),
(1233, 69, 1, 1, '20220411 123220', '5', 5, 0, 0, 0, 0),
(1234, 70, 1, 1, '20220411 123220', '1', 0, 0, 0, 0, 1),
(1235, 71, 1, 1, '20220411 123220', '1', 0, 0, 0, 0, 1),
(1236, 72, 2, 1, '20220411 123220', '2', 0, 0, 0, 2, 0),
(1237, 73, 2, 1, '20220411 123220', '4', 0, 4, 0, 0, 0),
(1238, 74, 2, 1, '20220411 123220', '2', 0, 0, 0, 2, 0),
(1239, 75, 1, 2, '20220411 123220', '5', 5, 0, 0, 0, 0),
(1240, 76, 2, 2, '20220411 123220', '1', 0, 0, 0, 0, 1),
(1241, 77, 1, 3, '20220411 123220', '2', 0, 0, 0, 2, 0),
(1242, 78, 2, 3, '20220411 123220', '1', 0, 0, 0, 0, 1),
(1243, 79, 1, 4, '20220411 123220', '4', 0, 4, 0, 0, 0),
(1244, 80, 2, 4, '20220411 123220', '1', 0, 0, 0, 0, 1),
(1245, 81, 1, 5, '20220411 123220', '5', 5, 0, 0, 0, 0),
(1246, 82, 2, 5, '20220411 123220', '1', 0, 0, 0, 0, 1),
(1247, 89, 1, 6, '20220411 123220', '5', 5, 0, 0, 0, 0),
(1248, 90, 2, 6, '20220411 123220', '4', 0, 4, 0, 0, 0),
(1249, 83, 1, 7, '20220411 123220', '5', 5, 0, 0, 0, 0),
(1250, 84, 2, 7, '20220411 123220', '3', 0, 0, 3, 0, 0),
(1251, 85, 1, 8, '20220411 123220', '3', 0, 0, 3, 0, 0),
(1252, 86, 2, 8, '20220411 123220', '2', 0, 0, 0, 2, 0),
(1253, 87, 1, 9, '20220411 123220', '4', 0, 4, 0, 0, 0),
(1254, 88, 2, 9, '20220411 123220', '5', 5, 0, 0, 0, 0),
(1255, 69, 1, 1, '20220411 123220', '1', 0, 0, 0, 0, 1),
(1256, 70, 1, 1, '20220411 123220', '3', 0, 0, 3, 0, 0),
(1257, 71, 1, 1, '20220411 123220', '2', 0, 0, 0, 2, 0),
(1258, 72, 2, 1, '20220411 123220', '3', 0, 0, 3, 0, 0),
(1259, 73, 2, 1, '20220411 123220', '5', 5, 0, 0, 0, 0),
(1260, 74, 2, 1, '20220411 123220', '3', 0, 0, 3, 0, 0),
(1261, 75, 1, 2, '20220411 123220', '2', 0, 0, 0, 2, 0),
(1262, 76, 2, 2, '20220411 123220', '1', 0, 0, 0, 0, 1),
(1263, 77, 1, 3, '20220411 123220', '3', 0, 0, 3, 0, 0),
(1264, 78, 2, 3, '20220411 123220', '4', 0, 4, 0, 0, 0),
(1265, 79, 1, 4, '20220411 123220', '3', 0, 0, 3, 0, 0),
(1266, 80, 2, 4, '20220411 123220', '4', 0, 4, 0, 0, 0),
(1267, 81, 1, 5, '20220411 123220', '5', 5, 0, 0, 0, 0),
(1268, 82, 2, 5, '20220411 123220', '1', 0, 0, 0, 0, 1),
(1269, 89, 1, 6, '20220411 123220', '2', 0, 0, 0, 2, 0),
(1270, 90, 2, 6, '20220411 123220', '2', 0, 0, 0, 2, 0),
(1271, 83, 1, 7, '20220411 123220', '3', 0, 0, 3, 0, 0),
(1272, 84, 2, 7, '20220411 123220', '3', 0, 0, 3, 0, 0),
(1273, 85, 1, 8, '20220411 123220', '1', 0, 0, 0, 0, 1),
(1274, 86, 2, 8, '20220411 123220', '5', 5, 0, 0, 0, 0),
(1275, 87, 1, 9, '20220411 123220', '3', 0, 0, 3, 0, 0),
(1276, 88, 2, 9, '20220411 123220', '3', 0, 0, 3, 0, 0),
(1277, 69, 1, 1, '20220411 123221', '2', 0, 0, 0, 2, 0),
(1278, 70, 1, 1, '20220411 123221', '3', 0, 0, 3, 0, 0),
(1279, 71, 1, 1, '20220411 123221', '4', 0, 4, 0, 0, 0),
(1280, 72, 2, 1, '20220411 123221', '3', 0, 0, 3, 0, 0),
(1281, 73, 2, 1, '20220411 123221', '4', 0, 4, 0, 0, 0),
(1282, 74, 2, 1, '20220411 123221', '3', 0, 0, 3, 0, 0),
(1283, 75, 1, 2, '20220411 123221', '1', 0, 0, 0, 0, 1),
(1284, 76, 2, 2, '20220411 123221', '3', 0, 0, 3, 0, 0),
(1285, 77, 1, 3, '20220411 123221', '1', 0, 0, 0, 0, 1),
(1286, 78, 2, 3, '20220411 123221', '4', 0, 4, 0, 0, 0),
(1287, 79, 1, 4, '20220411 123221', '2', 0, 0, 0, 2, 0),
(1288, 80, 2, 4, '20220411 123221', '5', 5, 0, 0, 0, 0),
(1289, 81, 1, 5, '20220411 123221', '4', 0, 4, 0, 0, 0),
(1290, 82, 2, 5, '20220411 123221', '1', 0, 0, 0, 0, 1),
(1291, 89, 1, 6, '20220411 123221', '4', 0, 4, 0, 0, 0),
(1292, 90, 2, 6, '20220411 123221', '4', 0, 4, 0, 0, 0),
(1293, 83, 1, 7, '20220411 123221', '1', 0, 0, 0, 0, 1),
(1294, 84, 2, 7, '20220411 123221', '4', 0, 4, 0, 0, 0),
(1295, 85, 1, 8, '20220411 123221', '2', 0, 0, 0, 2, 0),
(1296, 86, 2, 8, '20220411 123221', '1', 0, 0, 0, 0, 1),
(1297, 87, 1, 9, '20220411 123221', '5', 5, 0, 0, 0, 0),
(1298, 88, 2, 9, '20220411 123221', '2', 0, 0, 0, 2, 0),
(1299, 69, 1, 1, '20220411 123221', '3', 0, 0, 3, 0, 0),
(1300, 70, 1, 1, '20220411 123221', '4', 0, 4, 0, 0, 0),
(1301, 71, 1, 1, '20220411 123221', '2', 0, 0, 0, 2, 0),
(1302, 72, 2, 1, '20220411 123221', '5', 5, 0, 0, 0, 0),
(1303, 73, 2, 1, '20220411 123221', '2', 0, 0, 0, 2, 0),
(1304, 74, 2, 1, '20220411 123221', '3', 0, 0, 3, 0, 0),
(1305, 75, 1, 2, '20220411 123221', '4', 0, 4, 0, 0, 0),
(1306, 76, 2, 2, '20220411 123221', '1', 0, 0, 0, 0, 1),
(1307, 77, 1, 3, '20220411 123221', '5', 5, 0, 0, 0, 0),
(1308, 78, 2, 3, '20220411 123221', '2', 0, 0, 0, 2, 0),
(1309, 79, 1, 4, '20220411 123221', '1', 0, 0, 0, 0, 1),
(1310, 80, 2, 4, '20220411 123221', '4', 0, 4, 0, 0, 0),
(1311, 81, 1, 5, '20220411 123221', '3', 0, 0, 3, 0, 0),
(1312, 82, 2, 5, '20220411 123221', '3', 0, 0, 3, 0, 0),
(1313, 89, 1, 6, '20220411 123221', '2', 0, 0, 0, 2, 0),
(1314, 90, 2, 6, '20220411 123221', '1', 0, 0, 0, 0, 1),
(1315, 83, 1, 7, '20220411 123221', '1', 0, 0, 0, 0, 1),
(1316, 84, 2, 7, '20220411 123221', '2', 0, 0, 0, 2, 0),
(1317, 85, 1, 8, '20220411 123221', '4', 0, 4, 0, 0, 0),
(1318, 86, 2, 8, '20220411 123221', '3', 0, 0, 3, 0, 0),
(1319, 87, 1, 9, '20220411 123221', '5', 5, 0, 0, 0, 0),
(1320, 88, 2, 9, '20220411 123221', '5', 5, 0, 0, 0, 0),
(1321, 69, 1, 1, '20220411 123221', '2', 0, 0, 0, 2, 0),
(1322, 70, 1, 1, '20220411 123221', '3', 0, 0, 3, 0, 0),
(1323, 71, 1, 1, '20220411 123221', '5', 5, 0, 0, 0, 0),
(1324, 72, 2, 1, '20220411 123221', '3', 0, 0, 3, 0, 0),
(1325, 73, 2, 1, '20220411 123221', '2', 0, 0, 0, 2, 0),
(1326, 74, 2, 1, '20220411 123221', '3', 0, 0, 3, 0, 0),
(1327, 75, 1, 2, '20220411 123221', '3', 0, 0, 3, 0, 0),
(1328, 76, 2, 2, '20220411 123221', '4', 0, 4, 0, 0, 0),
(1329, 77, 1, 3, '20220411 123221', '4', 0, 4, 0, 0, 0),
(1330, 78, 2, 3, '20220411 123221', '3', 0, 0, 3, 0, 0),
(1331, 79, 1, 4, '20220411 123221', '3', 0, 0, 3, 0, 0),
(1332, 80, 2, 4, '20220411 123221', '4', 0, 4, 0, 0, 0),
(1333, 81, 1, 5, '20220411 123221', '2', 0, 0, 0, 2, 0),
(1334, 82, 2, 5, '20220411 123221', '2', 0, 0, 0, 2, 0),
(1335, 89, 1, 6, '20220411 123221', '2', 0, 0, 0, 2, 0),
(1336, 90, 2, 6, '20220411 123221', '1', 0, 0, 0, 0, 1),
(1337, 83, 1, 7, '20220411 123221', '5', 5, 0, 0, 0, 0),
(1338, 84, 2, 7, '20220411 123221', '1', 0, 0, 0, 0, 1),
(1339, 85, 1, 8, '20220411 123221', '1', 0, 0, 0, 0, 1),
(1340, 86, 2, 8, '20220411 123221', '5', 5, 0, 0, 0, 0),
(1341, 87, 1, 9, '20220411 123221', '2', 0, 0, 0, 2, 0),
(1342, 88, 2, 9, '20220411 123221', '2', 0, 0, 0, 2, 0),
(1343, 69, 1, 1, '20220411 123221', '2', 0, 0, 0, 2, 0),
(1344, 70, 1, 1, '20220411 123221', '1', 0, 0, 0, 0, 1),
(1345, 71, 1, 1, '20220411 123221', '1', 0, 0, 0, 0, 1),
(1346, 72, 2, 1, '20220411 123221', '3', 0, 0, 3, 0, 0),
(1347, 73, 2, 1, '20220411 123221', '4', 0, 4, 0, 0, 0),
(1348, 74, 2, 1, '20220411 123221', '3', 0, 0, 3, 0, 0),
(1349, 75, 1, 2, '20220411 123221', '5', 5, 0, 0, 0, 0),
(1350, 76, 2, 2, '20220411 123221', '4', 0, 4, 0, 0, 0),
(1351, 77, 1, 3, '20220411 123221', '5', 5, 0, 0, 0, 0),
(1352, 78, 2, 3, '20220411 123221', '3', 0, 0, 3, 0, 0),
(1353, 79, 1, 4, '20220411 123221', '5', 5, 0, 0, 0, 0),
(1354, 80, 2, 4, '20220411 123221', '5', 5, 0, 0, 0, 0),
(1355, 81, 1, 5, '20220411 123221', '4', 0, 4, 0, 0, 0),
(1356, 82, 2, 5, '20220411 123221', '3', 0, 0, 3, 0, 0),
(1357, 89, 1, 6, '20220411 123221', '5', 5, 0, 0, 0, 0),
(1358, 90, 2, 6, '20220411 123221', '3', 0, 0, 3, 0, 0),
(1359, 83, 1, 7, '20220411 123221', '4', 0, 4, 0, 0, 0),
(1360, 84, 2, 7, '20220411 123221', '4', 0, 4, 0, 0, 0),
(1361, 85, 1, 8, '20220411 123221', '3', 0, 0, 3, 0, 0),
(1362, 86, 2, 8, '20220411 123221', '5', 5, 0, 0, 0, 0),
(1363, 87, 1, 9, '20220411 123221', '1', 0, 0, 0, 0, 1),
(1364, 88, 2, 9, '20220411 123221', '2', 0, 0, 0, 2, 0),
(1365, 69, 1, 1, '20220411 123221', '2', 0, 0, 0, 2, 0),
(1366, 70, 1, 1, '20220411 123221', '2', 0, 0, 0, 2, 0),
(1367, 71, 1, 1, '20220411 123221', '4', 0, 4, 0, 0, 0),
(1368, 72, 2, 1, '20220411 123221', '4', 0, 4, 0, 0, 0),
(1369, 73, 2, 1, '20220411 123221', '3', 0, 0, 3, 0, 0),
(1370, 74, 2, 1, '20220411 123221', '4', 0, 4, 0, 0, 0),
(1371, 75, 1, 2, '20220411 123221', '5', 5, 0, 0, 0, 0),
(1372, 76, 2, 2, '20220411 123221', '1', 0, 0, 0, 0, 1),
(1373, 77, 1, 3, '20220411 123221', '4', 0, 4, 0, 0, 0),
(1374, 78, 2, 3, '20220411 123221', '4', 0, 4, 0, 0, 0),
(1375, 79, 1, 4, '20220411 123221', '2', 0, 0, 0, 2, 0),
(1376, 80, 2, 4, '20220411 123221', '2', 0, 0, 0, 2, 0),
(1377, 81, 1, 5, '20220411 123221', '3', 0, 0, 3, 0, 0),
(1378, 82, 2, 5, '20220411 123221', '2', 0, 0, 0, 2, 0),
(1379, 89, 1, 6, '20220411 123221', '5', 5, 0, 0, 0, 0),
(1380, 90, 2, 6, '20220411 123221', '1', 0, 0, 0, 0, 1),
(1381, 83, 1, 7, '20220411 123221', '4', 0, 4, 0, 0, 0),
(1382, 84, 2, 7, '20220411 123221', '5', 5, 0, 0, 0, 0),
(1383, 85, 1, 8, '20220411 123221', '2', 0, 0, 0, 2, 0),
(1384, 86, 2, 8, '20220411 123221', '2', 0, 0, 0, 2, 0),
(1385, 87, 1, 9, '20220411 123221', '3', 0, 0, 3, 0, 0),
(1386, 88, 2, 9, '20220411 123221', '5', 5, 0, 0, 0, 0),
(1387, 69, 1, 1, '20220411 123221', '4', 0, 4, 0, 0, 0),
(1388, 70, 1, 1, '20220411 123221', '3', 0, 0, 3, 0, 0),
(1389, 71, 1, 1, '20220411 123221', '2', 0, 0, 0, 2, 0),
(1390, 72, 2, 1, '20220411 123221', '3', 0, 0, 3, 0, 0),
(1391, 73, 2, 1, '20220411 123221', '5', 5, 0, 0, 0, 0),
(1392, 74, 2, 1, '20220411 123221', '4', 0, 4, 0, 0, 0),
(1393, 75, 1, 2, '20220411 123221', '5', 5, 0, 0, 0, 0),
(1394, 76, 2, 2, '20220411 123221', '4', 0, 4, 0, 0, 0),
(1395, 77, 1, 3, '20220411 123221', '2', 0, 0, 0, 2, 0),
(1396, 78, 2, 3, '20220411 123221', '5', 5, 0, 0, 0, 0),
(1397, 79, 1, 4, '20220411 123221', '3', 0, 0, 3, 0, 0),
(1398, 80, 2, 4, '20220411 123221', '4', 0, 4, 0, 0, 0),
(1399, 81, 1, 5, '20220411 123221', '4', 0, 4, 0, 0, 0),
(1400, 82, 2, 5, '20220411 123221', '4', 0, 4, 0, 0, 0),
(1401, 89, 1, 6, '20220411 123221', '3', 0, 0, 3, 0, 0),
(1402, 90, 2, 6, '20220411 123221', '3', 0, 0, 3, 0, 0),
(1403, 83, 1, 7, '20220411 123221', '4', 0, 4, 0, 0, 0),
(1404, 84, 2, 7, '20220411 123221', '4', 0, 4, 0, 0, 0),
(1405, 85, 1, 8, '20220411 123221', '5', 5, 0, 0, 0, 0),
(1406, 86, 2, 8, '20220411 123221', '1', 0, 0, 0, 0, 1),
(1407, 87, 1, 9, '20220411 123221', '5', 5, 0, 0, 0, 0),
(1408, 88, 2, 9, '20220411 123221', '1', 0, 0, 0, 0, 1),
(1409, 69, 1, 1, '20220411 123222', '4', 0, 4, 0, 0, 0),
(1410, 70, 1, 1, '20220411 123222', '3', 0, 0, 3, 0, 0),
(1411, 71, 1, 1, '20220411 123222', '1', 0, 0, 0, 0, 1),
(1412, 72, 2, 1, '20220411 123222', '4', 0, 4, 0, 0, 0),
(1413, 73, 2, 1, '20220411 123222', '4', 0, 4, 0, 0, 0),
(1414, 74, 2, 1, '20220411 123222', '4', 0, 4, 0, 0, 0),
(1415, 75, 1, 2, '20220411 123222', '3', 0, 0, 3, 0, 0),
(1416, 76, 2, 2, '20220411 123222', '1', 0, 0, 0, 0, 1),
(1417, 77, 1, 3, '20220411 123222', '4', 0, 4, 0, 0, 0),
(1418, 78, 2, 3, '20220411 123222', '2', 0, 0, 0, 2, 0),
(1419, 79, 1, 4, '20220411 123222', '4', 0, 4, 0, 0, 0),
(1420, 80, 2, 4, '20220411 123222', '3', 0, 0, 3, 0, 0),
(1421, 81, 1, 5, '20220411 123222', '4', 0, 4, 0, 0, 0),
(1422, 82, 2, 5, '20220411 123222', '2', 0, 0, 0, 2, 0),
(1423, 89, 1, 6, '20220411 123222', '4', 0, 4, 0, 0, 0),
(1424, 90, 2, 6, '20220411 123222', '5', 5, 0, 0, 0, 0),
(1425, 83, 1, 7, '20220411 123222', '2', 0, 0, 0, 2, 0),
(1426, 84, 2, 7, '20220411 123222', '5', 5, 0, 0, 0, 0),
(1427, 85, 1, 8, '20220411 123222', '4', 0, 4, 0, 0, 0),
(1428, 86, 2, 8, '20220411 123222', '5', 5, 0, 0, 0, 0),
(1429, 87, 1, 9, '20220411 123222', '1', 0, 0, 0, 0, 1),
(1430, 88, 2, 9, '20220411 123222', '3', 0, 0, 3, 0, 0),
(1431, 69, 1, 1, '20220411 123222', '1', 0, 0, 0, 0, 1),
(1432, 70, 1, 1, '20220411 123222', '2', 0, 0, 0, 2, 0),
(1433, 71, 1, 1, '20220411 123222', '5', 5, 0, 0, 0, 0),
(1434, 72, 2, 1, '20220411 123222', '4', 0, 4, 0, 0, 0),
(1435, 73, 2, 1, '20220411 123222', '4', 0, 4, 0, 0, 0),
(1436, 74, 2, 1, '20220411 123222', '4', 0, 4, 0, 0, 0),
(1437, 75, 1, 2, '20220411 123222', '3', 0, 0, 3, 0, 0),
(1438, 76, 2, 2, '20220411 123222', '2', 0, 0, 0, 2, 0),
(1439, 77, 1, 3, '20220411 123222', '5', 5, 0, 0, 0, 0),
(1440, 78, 2, 3, '20220411 123222', '4', 0, 4, 0, 0, 0),
(1441, 79, 1, 4, '20220411 123222', '5', 5, 0, 0, 0, 0),
(1442, 80, 2, 4, '20220411 123222', '5', 5, 0, 0, 0, 0),
(1443, 81, 1, 5, '20220411 123222', '5', 5, 0, 0, 0, 0),
(1444, 82, 2, 5, '20220411 123222', '4', 0, 4, 0, 0, 0),
(1445, 89, 1, 6, '20220411 123222', '2', 0, 0, 0, 2, 0),
(1446, 90, 2, 6, '20220411 123222', '4', 0, 4, 0, 0, 0),
(1447, 83, 1, 7, '20220411 123222', '1', 0, 0, 0, 0, 1),
(1448, 84, 2, 7, '20220411 123222', '4', 0, 4, 0, 0, 0),
(1449, 85, 1, 8, '20220411 123222', '2', 0, 0, 0, 2, 0),
(1450, 86, 2, 8, '20220411 123222', '4', 0, 4, 0, 0, 0),
(1451, 87, 1, 9, '20220411 123222', '4', 0, 4, 0, 0, 0),
(1452, 88, 2, 9, '20220411 123222', '4', 0, 4, 0, 0, 0),
(1453, 69, 1, 1, '20220411 123222', '1', 0, 0, 0, 0, 1),
(1454, 70, 1, 1, '20220411 123222', '5', 5, 0, 0, 0, 0),
(1455, 71, 1, 1, '20220411 123222', '1', 0, 0, 0, 0, 1),
(1456, 72, 2, 1, '20220411 123222', '4', 0, 4, 0, 0, 0),
(1457, 73, 2, 1, '20220411 123222', '5', 5, 0, 0, 0, 0),
(1458, 74, 2, 1, '20220411 123222', '4', 0, 4, 0, 0, 0),
(1459, 75, 1, 2, '20220411 123222', '5', 5, 0, 0, 0, 0),
(1460, 76, 2, 2, '20220411 123222', '3', 0, 0, 3, 0, 0),
(1461, 77, 1, 3, '20220411 123222', '5', 5, 0, 0, 0, 0),
(1462, 78, 2, 3, '20220411 123222', '5', 5, 0, 0, 0, 0),
(1463, 79, 1, 4, '20220411 123222', '4', 0, 4, 0, 0, 0),
(1464, 80, 2, 4, '20220411 123222', '5', 5, 0, 0, 0, 0),
(1465, 81, 1, 5, '20220411 123222', '2', 0, 0, 0, 2, 0),
(1466, 82, 2, 5, '20220411 123222', '1', 0, 0, 0, 0, 1),
(1467, 89, 1, 6, '20220411 123222', '3', 0, 0, 3, 0, 0),
(1468, 90, 2, 6, '20220411 123222', '5', 5, 0, 0, 0, 0),
(1469, 83, 1, 7, '20220411 123222', '5', 5, 0, 0, 0, 0),
(1470, 84, 2, 7, '20220411 123222', '4', 0, 4, 0, 0, 0),
(1471, 85, 1, 8, '20220411 123222', '5', 5, 0, 0, 0, 0),
(1472, 86, 2, 8, '20220411 123222', '1', 0, 0, 0, 0, 1),
(1473, 87, 1, 9, '20220411 123222', '3', 0, 0, 3, 0, 0),
(1474, 88, 2, 9, '20220411 123222', '3', 0, 0, 3, 0, 0),
(1475, 69, 1, 1, '20220411 123222', '1', 0, 0, 0, 0, 1),
(1476, 70, 1, 1, '20220411 123222', '1', 0, 0, 0, 0, 1),
(1477, 71, 1, 1, '20220411 123222', '4', 0, 4, 0, 0, 0),
(1478, 72, 2, 1, '20220411 123222', '1', 0, 0, 0, 0, 1),
(1479, 73, 2, 1, '20220411 123222', '3', 0, 0, 3, 0, 0),
(1480, 74, 2, 1, '20220411 123222', '3', 0, 0, 3, 0, 0),
(1481, 75, 1, 2, '20220411 123222', '5', 5, 0, 0, 0, 0),
(1482, 76, 2, 2, '20220411 123222', '3', 0, 0, 3, 0, 0),
(1483, 77, 1, 3, '20220411 123222', '4', 0, 4, 0, 0, 0),
(1484, 78, 2, 3, '20220411 123222', '2', 0, 0, 0, 2, 0),
(1485, 79, 1, 4, '20220411 123222', '4', 0, 4, 0, 0, 0),
(1486, 80, 2, 4, '20220411 123222', '1', 0, 0, 0, 0, 1),
(1487, 81, 1, 5, '20220411 123222', '5', 5, 0, 0, 0, 0),
(1488, 82, 2, 5, '20220411 123222', '5', 5, 0, 0, 0, 0),
(1489, 89, 1, 6, '20220411 123222', '1', 0, 0, 0, 0, 1),
(1490, 90, 2, 6, '20220411 123222', '5', 5, 0, 0, 0, 0),
(1491, 83, 1, 7, '20220411 123222', '3', 0, 0, 3, 0, 0),
(1492, 84, 2, 7, '20220411 123222', '1', 0, 0, 0, 0, 1),
(1493, 85, 1, 8, '20220411 123222', '3', 0, 0, 3, 0, 0),
(1494, 86, 2, 8, '20220411 123222', '1', 0, 0, 0, 0, 1),
(1495, 87, 1, 9, '20220411 123222', '2', 0, 0, 0, 2, 0),
(1496, 88, 2, 9, '20220411 123222', '3', 0, 0, 3, 0, 0),
(1497, 69, 1, 1, '20220411 123222', '1', 0, 0, 0, 0, 1),
(1498, 70, 1, 1, '20220411 123222', '1', 0, 0, 0, 0, 1),
(1499, 71, 1, 1, '20220411 123222', '4', 0, 4, 0, 0, 0),
(1500, 72, 2, 1, '20220411 123222', '5', 5, 0, 0, 0, 0),
(1501, 73, 2, 1, '20220411 123222', '3', 0, 0, 3, 0, 0),
(1502, 74, 2, 1, '20220411 123222', '5', 5, 0, 0, 0, 0),
(1503, 75, 1, 2, '20220411 123222', '2', 0, 0, 0, 2, 0),
(1504, 76, 2, 2, '20220411 123222', '5', 5, 0, 0, 0, 0),
(1505, 77, 1, 3, '20220411 123222', '5', 5, 0, 0, 0, 0),
(1506, 78, 2, 3, '20220411 123222', '3', 0, 0, 3, 0, 0),
(1507, 79, 1, 4, '20220411 123222', '5', 5, 0, 0, 0, 0),
(1508, 80, 2, 4, '20220411 123222', '3', 0, 0, 3, 0, 0),
(1509, 81, 1, 5, '20220411 123222', '1', 0, 0, 0, 0, 1),
(1510, 82, 2, 5, '20220411 123222', '4', 0, 4, 0, 0, 0),
(1511, 89, 1, 6, '20220411 123222', '4', 0, 4, 0, 0, 0),
(1512, 90, 2, 6, '20220411 123222', '2', 0, 0, 0, 2, 0),
(1513, 83, 1, 7, '20220411 123222', '3', 0, 0, 3, 0, 0),
(1514, 84, 2, 7, '20220411 123222', '1', 0, 0, 0, 0, 1),
(1515, 85, 1, 8, '20220411 123222', '3', 0, 0, 3, 0, 0),
(1516, 86, 2, 8, '20220411 123222', '3', 0, 0, 3, 0, 0),
(1517, 87, 1, 9, '20220411 123222', '5', 5, 0, 0, 0, 0),
(1518, 88, 2, 9, '20220411 123222', '4', 0, 4, 0, 0, 0),
(1519, 69, 1, 1, '20220411 123222', '2', 0, 0, 0, 2, 0),
(1520, 70, 1, 1, '20220411 123222', '4', 0, 4, 0, 0, 0),
(1521, 71, 1, 1, '20220411 123222', '3', 0, 0, 3, 0, 0),
(1522, 72, 2, 1, '20220411 123222', '5', 5, 0, 0, 0, 0),
(1523, 73, 2, 1, '20220411 123222', '3', 0, 0, 3, 0, 0),
(1524, 74, 2, 1, '20220411 123222', '1', 0, 0, 0, 0, 1),
(1525, 75, 1, 2, '20220411 123222', '2', 0, 0, 0, 2, 0),
(1526, 76, 2, 2, '20220411 123222', '3', 0, 0, 3, 0, 0),
(1527, 77, 1, 3, '20220411 123222', '5', 5, 0, 0, 0, 0),
(1528, 78, 2, 3, '20220411 123222', '5', 5, 0, 0, 0, 0),
(1529, 79, 1, 4, '20220411 123222', '1', 0, 0, 0, 0, 1),
(1530, 80, 2, 4, '20220411 123222', '4', 0, 4, 0, 0, 0),
(1531, 81, 1, 5, '20220411 123222', '1', 0, 0, 0, 0, 1),
(1532, 82, 2, 5, '20220411 123222', '1', 0, 0, 0, 0, 1),
(1533, 89, 1, 6, '20220411 123222', '3', 0, 0, 3, 0, 0),
(1534, 90, 2, 6, '20220411 123222', '4', 0, 4, 0, 0, 0),
(1535, 83, 1, 7, '20220411 123222', '4', 0, 4, 0, 0, 0),
(1536, 84, 2, 7, '20220411 123222', '4', 0, 4, 0, 0, 0),
(1537, 85, 1, 8, '20220411 123222', '4', 0, 4, 0, 0, 0),
(1538, 86, 2, 8, '20220411 123222', '5', 5, 0, 0, 0, 0),
(1539, 87, 1, 9, '20220411 123222', '1', 0, 0, 0, 0, 1),
(1540, 88, 2, 9, '20220411 123222', '4', 0, 4, 0, 0, 0),
(1541, 69, 1, 1, '20220411 123223', '2', 0, 0, 0, 2, 0),
(1542, 70, 1, 1, '20220411 123223', '5', 5, 0, 0, 0, 0),
(1543, 71, 1, 1, '20220411 123223', '4', 0, 4, 0, 0, 0),
(1544, 72, 2, 1, '20220411 123223', '4', 0, 4, 0, 0, 0),
(1545, 73, 2, 1, '20220411 123223', '4', 0, 4, 0, 0, 0),
(1546, 74, 2, 1, '20220411 123223', '4', 0, 4, 0, 0, 0),
(1547, 75, 1, 2, '20220411 123223', '5', 5, 0, 0, 0, 0),
(1548, 76, 2, 2, '20220411 123223', '2', 0, 0, 0, 2, 0),
(1549, 77, 1, 3, '20220411 123223', '4', 0, 4, 0, 0, 0),
(1550, 78, 2, 3, '20220411 123223', '3', 0, 0, 3, 0, 0),
(1551, 79, 1, 4, '20220411 123223', '4', 0, 4, 0, 0, 0),
(1552, 80, 2, 4, '20220411 123223', '2', 0, 0, 0, 2, 0),
(1553, 81, 1, 5, '20220411 123223', '1', 0, 0, 0, 0, 1),
(1554, 82, 2, 5, '20220411 123223', '5', 5, 0, 0, 0, 0),
(1555, 89, 1, 6, '20220411 123223', '4', 0, 4, 0, 0, 0),
(1556, 90, 2, 6, '20220411 123223', '3', 0, 0, 3, 0, 0),
(1557, 83, 1, 7, '20220411 123223', '1', 0, 0, 0, 0, 1),
(1558, 84, 2, 7, '20220411 123223', '2', 0, 0, 0, 2, 0),
(1559, 85, 1, 8, '20220411 123223', '1', 0, 0, 0, 0, 1),
(1560, 86, 2, 8, '20220411 123223', '1', 0, 0, 0, 0, 1),
(1561, 87, 1, 9, '20220411 123223', '4', 0, 4, 0, 0, 0),
(1562, 88, 2, 9, '20220411 123223', '3', 0, 0, 3, 0, 0),
(1563, 69, 1, 1, '20220411 123223', '5', 5, 0, 0, 0, 0),
(1564, 70, 1, 1, '20220411 123223', '5', 5, 0, 0, 0, 0),
(1565, 71, 1, 1, '20220411 123223', '2', 0, 0, 0, 2, 0),
(1566, 72, 2, 1, '20220411 123223', '1', 0, 0, 0, 0, 1),
(1567, 73, 2, 1, '20220411 123223', '1', 0, 0, 0, 0, 1),
(1568, 74, 2, 1, '20220411 123223', '1', 0, 0, 0, 0, 1),
(1569, 75, 1, 2, '20220411 123223', '5', 5, 0, 0, 0, 0),
(1570, 76, 2, 2, '20220411 123223', '4', 0, 4, 0, 0, 0),
(1571, 77, 1, 3, '20220411 123223', '2', 0, 0, 0, 2, 0),
(1572, 78, 2, 3, '20220411 123223', '4', 0, 4, 0, 0, 0);
INSERT INTO `tanswer` (`Id`, `descriptionId`, `categoryId`, `variabelId`, `respondenId`, `jawaban`, `jawaban5`, `jawaban4`, `jawaban3`, `jawaban2`, `jawabanE`) VALUES
(1573, 79, 1, 4, '20220411 123223', '4', 0, 4, 0, 0, 0),
(1574, 80, 2, 4, '20220411 123223', '5', 5, 0, 0, 0, 0),
(1575, 81, 1, 5, '20220411 123223', '3', 0, 0, 3, 0, 0),
(1576, 82, 2, 5, '20220411 123223', '2', 0, 0, 0, 2, 0),
(1577, 89, 1, 6, '20220411 123223', '2', 0, 0, 0, 2, 0),
(1578, 90, 2, 6, '20220411 123223', '1', 0, 0, 0, 0, 1),
(1579, 83, 1, 7, '20220411 123223', '1', 0, 0, 0, 0, 1),
(1580, 84, 2, 7, '20220411 123223', '5', 5, 0, 0, 0, 0),
(1581, 85, 1, 8, '20220411 123223', '3', 0, 0, 3, 0, 0),
(1582, 86, 2, 8, '20220411 123223', '4', 0, 4, 0, 0, 0),
(1583, 87, 1, 9, '20220411 123223', '4', 0, 4, 0, 0, 0),
(1584, 88, 2, 9, '20220411 123223', '4', 0, 4, 0, 0, 0),
(1585, 69, 1, 1, '20220411 123223', '5', 5, 0, 0, 0, 0),
(1586, 70, 1, 1, '20220411 123223', '5', 5, 0, 0, 0, 0),
(1587, 71, 1, 1, '20220411 123223', '5', 5, 0, 0, 0, 0),
(1588, 72, 2, 1, '20220411 123223', '5', 5, 0, 0, 0, 0),
(1589, 73, 2, 1, '20220411 123223', '1', 0, 0, 0, 0, 1),
(1590, 74, 2, 1, '20220411 123223', '2', 0, 0, 0, 2, 0),
(1591, 75, 1, 2, '20220411 123223', '1', 0, 0, 0, 0, 1),
(1592, 76, 2, 2, '20220411 123223', '5', 5, 0, 0, 0, 0),
(1593, 77, 1, 3, '20220411 123223', '2', 0, 0, 0, 2, 0),
(1594, 78, 2, 3, '20220411 123223', '4', 0, 4, 0, 0, 0),
(1595, 79, 1, 4, '20220411 123223', '4', 0, 4, 0, 0, 0),
(1596, 80, 2, 4, '20220411 123223', '2', 0, 0, 0, 2, 0),
(1597, 81, 1, 5, '20220411 123223', '5', 5, 0, 0, 0, 0),
(1598, 82, 2, 5, '20220411 123223', '4', 0, 4, 0, 0, 0),
(1599, 89, 1, 6, '20220411 123223', '3', 0, 0, 3, 0, 0),
(1600, 90, 2, 6, '20220411 123223', '1', 0, 0, 0, 0, 1),
(1601, 83, 1, 7, '20220411 123223', '4', 0, 4, 0, 0, 0),
(1602, 84, 2, 7, '20220411 123223', '1', 0, 0, 0, 0, 1),
(1603, 85, 1, 8, '20220411 123223', '5', 5, 0, 0, 0, 0),
(1604, 86, 2, 8, '20220411 123223', '1', 0, 0, 0, 0, 1),
(1605, 87, 1, 9, '20220411 123223', '5', 5, 0, 0, 0, 0),
(1606, 88, 2, 9, '20220411 123223', '5', 5, 0, 0, 0, 0),
(1607, 69, 1, 1, '20220411 123223', '2', 0, 0, 0, 2, 0),
(1608, 70, 1, 1, '20220411 123223', '3', 0, 0, 3, 0, 0),
(1609, 71, 1, 1, '20220411 123223', '2', 0, 0, 0, 2, 0),
(1610, 72, 2, 1, '20220411 123223', '3', 0, 0, 3, 0, 0),
(1611, 73, 2, 1, '20220411 123223', '3', 0, 0, 3, 0, 0),
(1612, 74, 2, 1, '20220411 123223', '4', 0, 4, 0, 0, 0),
(1613, 75, 1, 2, '20220411 123223', '3', 0, 0, 3, 0, 0),
(1614, 76, 2, 2, '20220411 123223', '4', 0, 4, 0, 0, 0),
(1615, 77, 1, 3, '20220411 123223', '3', 0, 0, 3, 0, 0),
(1616, 78, 2, 3, '20220411 123223', '5', 5, 0, 0, 0, 0),
(1617, 79, 1, 4, '20220411 123223', '3', 0, 0, 3, 0, 0),
(1618, 80, 2, 4, '20220411 123223', '4', 0, 4, 0, 0, 0),
(1619, 81, 1, 5, '20220411 123223', '3', 0, 0, 3, 0, 0),
(1620, 82, 2, 5, '20220411 123223', '2', 0, 0, 0, 2, 0),
(1621, 89, 1, 6, '20220411 123223', '2', 0, 0, 0, 2, 0),
(1622, 90, 2, 6, '20220411 123223', '1', 0, 0, 0, 0, 1),
(1623, 83, 1, 7, '20220411 123223', '5', 5, 0, 0, 0, 0),
(1624, 84, 2, 7, '20220411 123223', '2', 0, 0, 0, 2, 0),
(1625, 85, 1, 8, '20220411 123223', '1', 0, 0, 0, 0, 1),
(1626, 86, 2, 8, '20220411 123223', '2', 0, 0, 0, 2, 0),
(1627, 87, 1, 9, '20220411 123223', '1', 0, 0, 0, 0, 1),
(1628, 88, 2, 9, '20220411 123223', '2', 0, 0, 0, 2, 0),
(1629, 69, 1, 1, '20220411 123223', '2', 0, 0, 0, 2, 0),
(1630, 70, 1, 1, '20220411 123223', '2', 0, 0, 0, 2, 0),
(1631, 71, 1, 1, '20220411 123223', '4', 0, 4, 0, 0, 0),
(1632, 72, 2, 1, '20220411 123223', '2', 0, 0, 0, 2, 0),
(1633, 73, 2, 1, '20220411 123223', '3', 0, 0, 3, 0, 0),
(1634, 74, 2, 1, '20220411 123223', '3', 0, 0, 3, 0, 0),
(1635, 75, 1, 2, '20220411 123223', '4', 0, 4, 0, 0, 0),
(1636, 76, 2, 2, '20220411 123223', '5', 5, 0, 0, 0, 0),
(1637, 77, 1, 3, '20220411 123223', '3', 0, 0, 3, 0, 0),
(1638, 78, 2, 3, '20220411 123223', '4', 0, 4, 0, 0, 0),
(1639, 79, 1, 4, '20220411 123223', '3', 0, 0, 3, 0, 0),
(1640, 80, 2, 4, '20220411 123223', '3', 0, 0, 3, 0, 0),
(1641, 81, 1, 5, '20220411 123223', '4', 0, 4, 0, 0, 0),
(1642, 82, 2, 5, '20220411 123223', '2', 0, 0, 0, 2, 0),
(1643, 89, 1, 6, '20220411 123223', '3', 0, 0, 3, 0, 0),
(1644, 90, 2, 6, '20220411 123223', '1', 0, 0, 0, 0, 1),
(1645, 83, 1, 7, '20220411 123223', '3', 0, 0, 3, 0, 0),
(1646, 84, 2, 7, '20220411 123223', '1', 0, 0, 0, 0, 1),
(1647, 85, 1, 8, '20220411 123223', '3', 0, 0, 3, 0, 0),
(1648, 86, 2, 8, '20220411 123223', '2', 0, 0, 0, 2, 0),
(1649, 87, 1, 9, '20220411 123223', '4', 0, 4, 0, 0, 0),
(1650, 88, 2, 9, '20220411 123223', '2', 0, 0, 0, 2, 0),
(1651, 69, 1, 1, '20220411 123224', '4', 0, 4, 0, 0, 0),
(1652, 70, 1, 1, '20220411 123224', '3', 0, 0, 3, 0, 0),
(1653, 71, 1, 1, '20220411 123224', '2', 0, 0, 0, 2, 0),
(1654, 72, 2, 1, '20220411 123224', '4', 0, 4, 0, 0, 0),
(1655, 73, 2, 1, '20220411 123224', '2', 0, 0, 0, 2, 0),
(1656, 74, 2, 1, '20220411 123224', '3', 0, 0, 3, 0, 0),
(1657, 75, 1, 2, '20220411 123224', '4', 0, 4, 0, 0, 0),
(1658, 76, 2, 2, '20220411 123224', '4', 0, 4, 0, 0, 0),
(1659, 77, 1, 3, '20220411 123224', '4', 0, 4, 0, 0, 0),
(1660, 78, 2, 3, '20220411 123224', '3', 0, 0, 3, 0, 0),
(1661, 79, 1, 4, '20220411 123224', '3', 0, 0, 3, 0, 0),
(1662, 80, 2, 4, '20220411 123224', '5', 5, 0, 0, 0, 0),
(1663, 81, 1, 5, '20220411 123224', '2', 0, 0, 0, 2, 0),
(1664, 82, 2, 5, '20220411 123224', '4', 0, 4, 0, 0, 0),
(1665, 89, 1, 6, '20220411 123224', '2', 0, 0, 0, 2, 0),
(1666, 90, 2, 6, '20220411 123224', '2', 0, 0, 0, 2, 0),
(1667, 83, 1, 7, '20220411 123224', '1', 0, 0, 0, 0, 1),
(1668, 84, 2, 7, '20220411 123224', '5', 5, 0, 0, 0, 0),
(1669, 85, 1, 8, '20220411 123224', '1', 0, 0, 0, 0, 1),
(1670, 86, 2, 8, '20220411 123224', '1', 0, 0, 0, 0, 1),
(1671, 87, 1, 9, '20220411 123224', '1', 0, 0, 0, 0, 1),
(1672, 88, 2, 9, '20220411 123224', '5', 5, 0, 0, 0, 0),
(1673, 69, 1, 1, '20220411 123224', '1', 0, 0, 0, 0, 1),
(1674, 70, 1, 1, '20220411 123224', '3', 0, 0, 3, 0, 0),
(1675, 71, 1, 1, '20220411 123224', '3', 0, 0, 3, 0, 0),
(1676, 72, 2, 1, '20220411 123224', '5', 5, 0, 0, 0, 0),
(1677, 73, 2, 1, '20220411 123224', '2', 0, 0, 0, 2, 0),
(1678, 74, 2, 1, '20220411 123224', '3', 0, 0, 3, 0, 0),
(1679, 75, 1, 2, '20220411 123224', '4', 0, 4, 0, 0, 0),
(1680, 76, 2, 2, '20220411 123224', '5', 5, 0, 0, 0, 0),
(1681, 77, 1, 3, '20220411 123224', '2', 0, 0, 0, 2, 0),
(1682, 78, 2, 3, '20220411 123224', '1', 0, 0, 0, 0, 1),
(1683, 79, 1, 4, '20220411 123224', '4', 0, 4, 0, 0, 0),
(1684, 80, 2, 4, '20220411 123224', '1', 0, 0, 0, 0, 1),
(1685, 81, 1, 5, '20220411 123224', '1', 0, 0, 0, 0, 1),
(1686, 82, 2, 5, '20220411 123224', '5', 5, 0, 0, 0, 0),
(1687, 89, 1, 6, '20220411 123224', '5', 5, 0, 0, 0, 0),
(1688, 90, 2, 6, '20220411 123224', '4', 0, 4, 0, 0, 0),
(1689, 83, 1, 7, '20220411 123224', '3', 0, 0, 3, 0, 0),
(1690, 84, 2, 7, '20220411 123224', '4', 0, 4, 0, 0, 0),
(1691, 85, 1, 8, '20220411 123224', '2', 0, 0, 0, 2, 0),
(1692, 86, 2, 8, '20220411 123224', '1', 0, 0, 0, 0, 1),
(1693, 87, 1, 9, '20220411 123224', '5', 5, 0, 0, 0, 0),
(1694, 88, 2, 9, '20220411 123224', '2', 0, 0, 0, 2, 0),
(1695, 69, 1, 1, '20220411 123224', '1', 0, 0, 0, 0, 1),
(1696, 70, 1, 1, '20220411 123224', '4', 0, 4, 0, 0, 0),
(1697, 71, 1, 1, '20220411 123224', '5', 5, 0, 0, 0, 0),
(1698, 72, 2, 1, '20220411 123224', '3', 0, 0, 3, 0, 0),
(1699, 73, 2, 1, '20220411 123224', '1', 0, 0, 0, 0, 1),
(1700, 74, 2, 1, '20220411 123224', '1', 0, 0, 0, 0, 1),
(1701, 75, 1, 2, '20220411 123224', '2', 0, 0, 0, 2, 0),
(1702, 76, 2, 2, '20220411 123224', '5', 5, 0, 0, 0, 0),
(1703, 77, 1, 3, '20220411 123224', '3', 0, 0, 3, 0, 0),
(1704, 78, 2, 3, '20220411 123224', '4', 0, 4, 0, 0, 0),
(1705, 79, 1, 4, '20220411 123224', '5', 5, 0, 0, 0, 0),
(1706, 80, 2, 4, '20220411 123224', '2', 0, 0, 0, 2, 0),
(1707, 81, 1, 5, '20220411 123224', '5', 5, 0, 0, 0, 0),
(1708, 82, 2, 5, '20220411 123224', '5', 5, 0, 0, 0, 0),
(1709, 89, 1, 6, '20220411 123224', '4', 0, 4, 0, 0, 0),
(1710, 90, 2, 6, '20220411 123224', '3', 0, 0, 3, 0, 0),
(1711, 83, 1, 7, '20220411 123224', '2', 0, 0, 0, 2, 0),
(1712, 84, 2, 7, '20220411 123224', '4', 0, 4, 0, 0, 0),
(1713, 85, 1, 8, '20220411 123224', '1', 0, 0, 0, 0, 1),
(1714, 86, 2, 8, '20220411 123224', '5', 5, 0, 0, 0, 0),
(1715, 87, 1, 9, '20220411 123224', '2', 0, 0, 0, 2, 0),
(1716, 88, 2, 9, '20220411 123224', '4', 0, 4, 0, 0, 0),
(1717, 69, 1, 1, '20220411 123224', '3', 0, 0, 3, 0, 0),
(1718, 70, 1, 1, '20220411 123224', '1', 0, 0, 0, 0, 1),
(1719, 71, 1, 1, '20220411 123224', '3', 0, 0, 3, 0, 0),
(1720, 72, 2, 1, '20220411 123224', '4', 0, 4, 0, 0, 0),
(1721, 73, 2, 1, '20220411 123224', '2', 0, 0, 0, 2, 0),
(1722, 74, 2, 1, '20220411 123224', '2', 0, 0, 0, 2, 0),
(1723, 75, 1, 2, '20220411 123224', '2', 0, 0, 0, 2, 0),
(1724, 76, 2, 2, '20220411 123224', '4', 0, 4, 0, 0, 0),
(1725, 77, 1, 3, '20220411 123224', '3', 0, 0, 3, 0, 0),
(1726, 78, 2, 3, '20220411 123224', '5', 5, 0, 0, 0, 0),
(1727, 79, 1, 4, '20220411 123224', '3', 0, 0, 3, 0, 0),
(1728, 80, 2, 4, '20220411 123224', '1', 0, 0, 0, 0, 1),
(1729, 81, 1, 5, '20220411 123224', '5', 5, 0, 0, 0, 0),
(1730, 82, 2, 5, '20220411 123224', '5', 5, 0, 0, 0, 0),
(1731, 89, 1, 6, '20220411 123224', '2', 0, 0, 0, 2, 0),
(1732, 90, 2, 6, '20220411 123224', '4', 0, 4, 0, 0, 0),
(1733, 83, 1, 7, '20220411 123224', '4', 0, 4, 0, 0, 0),
(1734, 84, 2, 7, '20220411 123224', '1', 0, 0, 0, 0, 1),
(1735, 85, 1, 8, '20220411 123224', '4', 0, 4, 0, 0, 0),
(1736, 86, 2, 8, '20220411 123224', '1', 0, 0, 0, 0, 1),
(1737, 87, 1, 9, '20220411 123224', '4', 0, 4, 0, 0, 0),
(1738, 88, 2, 9, '20220411 123224', '4', 0, 4, 0, 0, 0),
(1739, 69, 1, 1, '20220411 123224', '3', 0, 0, 3, 0, 0),
(1740, 70, 1, 1, '20220411 123224', '2', 0, 0, 0, 2, 0),
(1741, 71, 1, 1, '20220411 123224', '2', 0, 0, 0, 2, 0),
(1742, 72, 2, 1, '20220411 123224', '2', 0, 0, 0, 2, 0),
(1743, 73, 2, 1, '20220411 123224', '1', 0, 0, 0, 0, 1),
(1744, 74, 2, 1, '20220411 123224', '5', 5, 0, 0, 0, 0),
(1745, 75, 1, 2, '20220411 123224', '4', 0, 4, 0, 0, 0),
(1746, 76, 2, 2, '20220411 123224', '1', 0, 0, 0, 0, 1),
(1747, 77, 1, 3, '20220411 123224', '3', 0, 0, 3, 0, 0),
(1748, 78, 2, 3, '20220411 123224', '1', 0, 0, 0, 0, 1),
(1749, 79, 1, 4, '20220411 123224', '4', 0, 4, 0, 0, 0),
(1750, 80, 2, 4, '20220411 123224', '1', 0, 0, 0, 0, 1),
(1751, 81, 1, 5, '20220411 123224', '3', 0, 0, 3, 0, 0),
(1752, 82, 2, 5, '20220411 123224', '4', 0, 4, 0, 0, 0),
(1753, 89, 1, 6, '20220411 123224', '1', 0, 0, 0, 0, 1),
(1754, 90, 2, 6, '20220411 123224', '5', 5, 0, 0, 0, 0),
(1755, 83, 1, 7, '20220411 123224', '4', 0, 4, 0, 0, 0),
(1756, 84, 2, 7, '20220411 123224', '2', 0, 0, 0, 2, 0),
(1757, 85, 1, 8, '20220411 123224', '2', 0, 0, 0, 2, 0),
(1758, 86, 2, 8, '20220411 123224', '1', 0, 0, 0, 0, 1),
(1759, 87, 1, 9, '20220411 123224', '2', 0, 0, 0, 2, 0),
(1760, 88, 2, 9, '20220411 123224', '4', 0, 4, 0, 0, 0),
(1761, 69, 1, 1, '20220411 123224', '5', 5, 0, 0, 0, 0),
(1762, 70, 1, 1, '20220411 123224', '1', 0, 0, 0, 0, 1),
(1763, 71, 1, 1, '20220411 123224', '2', 0, 0, 0, 2, 0),
(1764, 72, 2, 1, '20220411 123224', '4', 0, 4, 0, 0, 0),
(1765, 73, 2, 1, '20220411 123224', '1', 0, 0, 0, 0, 1),
(1766, 74, 2, 1, '20220411 123224', '3', 0, 0, 3, 0, 0),
(1767, 75, 1, 2, '20220411 123224', '3', 0, 0, 3, 0, 0),
(1768, 76, 2, 2, '20220411 123224', '4', 0, 4, 0, 0, 0),
(1769, 77, 1, 3, '20220411 123224', '5', 5, 0, 0, 0, 0),
(1770, 78, 2, 3, '20220411 123224', '3', 0, 0, 3, 0, 0),
(1771, 79, 1, 4, '20220411 123224', '5', 5, 0, 0, 0, 0),
(1772, 80, 2, 4, '20220411 123224', '3', 0, 0, 3, 0, 0),
(1773, 81, 1, 5, '20220411 123224', '2', 0, 0, 0, 2, 0),
(1774, 82, 2, 5, '20220411 123224', '4', 0, 4, 0, 0, 0),
(1775, 89, 1, 6, '20220411 123224', '1', 0, 0, 0, 0, 1),
(1776, 90, 2, 6, '20220411 123224', '2', 0, 0, 0, 2, 0),
(1777, 83, 1, 7, '20220411 123224', '4', 0, 4, 0, 0, 0),
(1778, 84, 2, 7, '20220411 123224', '1', 0, 0, 0, 0, 1),
(1779, 85, 1, 8, '20220411 123224', '1', 0, 0, 0, 0, 1),
(1780, 86, 2, 8, '20220411 123224', '3', 0, 0, 3, 0, 0),
(1781, 87, 1, 9, '20220411 123224', '3', 0, 0, 3, 0, 0),
(1782, 88, 2, 9, '20220411 123224', '5', 5, 0, 0, 0, 0),
(1783, 69, 1, 1, '20220411 123225', '3', 0, 0, 3, 0, 0),
(1784, 70, 1, 1, '20220411 123225', '4', 0, 4, 0, 0, 0),
(1785, 71, 1, 1, '20220411 123225', '1', 0, 0, 0, 0, 1),
(1786, 72, 2, 1, '20220411 123225', '3', 0, 0, 3, 0, 0),
(1787, 73, 2, 1, '20220411 123225', '3', 0, 0, 3, 0, 0),
(1788, 74, 2, 1, '20220411 123225', '2', 0, 0, 0, 2, 0),
(1789, 75, 1, 2, '20220411 123225', '4', 0, 4, 0, 0, 0),
(1790, 76, 2, 2, '20220411 123225', '5', 5, 0, 0, 0, 0),
(1791, 77, 1, 3, '20220411 123225', '5', 5, 0, 0, 0, 0),
(1792, 78, 2, 3, '20220411 123225', '5', 5, 0, 0, 0, 0),
(1793, 79, 1, 4, '20220411 123225', '1', 0, 0, 0, 0, 1),
(1794, 80, 2, 4, '20220411 123225', '5', 5, 0, 0, 0, 0),
(1795, 81, 1, 5, '20220411 123225', '2', 0, 0, 0, 2, 0),
(1796, 82, 2, 5, '20220411 123225', '2', 0, 0, 0, 2, 0),
(1797, 89, 1, 6, '20220411 123225', '3', 0, 0, 3, 0, 0),
(1798, 90, 2, 6, '20220411 123225', '5', 5, 0, 0, 0, 0),
(1799, 83, 1, 7, '20220411 123225', '3', 0, 0, 3, 0, 0),
(1800, 84, 2, 7, '20220411 123225', '3', 0, 0, 3, 0, 0),
(1801, 85, 1, 8, '20220411 123225', '2', 0, 0, 0, 2, 0),
(1802, 86, 2, 8, '20220411 123225', '4', 0, 4, 0, 0, 0),
(1803, 87, 1, 9, '20220411 123225', '2', 0, 0, 0, 2, 0),
(1804, 88, 2, 9, '20220411 123225', '5', 5, 0, 0, 0, 0),
(1805, 69, 1, 1, '20220411 123225', '3', 0, 0, 3, 0, 0),
(1806, 70, 1, 1, '20220411 123225', '1', 0, 0, 0, 0, 1),
(1807, 71, 1, 1, '20220411 123225', '5', 5, 0, 0, 0, 0),
(1808, 72, 2, 1, '20220411 123225', '1', 0, 0, 0, 0, 1),
(1809, 73, 2, 1, '20220411 123225', '5', 5, 0, 0, 0, 0),
(1810, 74, 2, 1, '20220411 123225', '2', 0, 0, 0, 2, 0),
(1811, 75, 1, 2, '20220411 123225', '3', 0, 0, 3, 0, 0),
(1812, 76, 2, 2, '20220411 123225', '5', 5, 0, 0, 0, 0),
(1813, 77, 1, 3, '20220411 123225', '5', 5, 0, 0, 0, 0),
(1814, 78, 2, 3, '20220411 123225', '2', 0, 0, 0, 2, 0),
(1815, 79, 1, 4, '20220411 123225', '4', 0, 4, 0, 0, 0),
(1816, 80, 2, 4, '20220411 123225', '2', 0, 0, 0, 2, 0),
(1817, 81, 1, 5, '20220411 123225', '3', 0, 0, 3, 0, 0),
(1818, 82, 2, 5, '20220411 123225', '1', 0, 0, 0, 0, 1),
(1819, 89, 1, 6, '20220411 123225', '1', 0, 0, 0, 0, 1),
(1820, 90, 2, 6, '20220411 123225', '1', 0, 0, 0, 0, 1),
(1821, 83, 1, 7, '20220411 123225', '4', 0, 4, 0, 0, 0),
(1822, 84, 2, 7, '20220411 123225', '1', 0, 0, 0, 0, 1),
(1823, 85, 1, 8, '20220411 123225', '4', 0, 4, 0, 0, 0),
(1824, 86, 2, 8, '20220411 123225', '3', 0, 0, 3, 0, 0),
(1825, 87, 1, 9, '20220411 123225', '3', 0, 0, 3, 0, 0),
(1826, 88, 2, 9, '20220411 123225', '3', 0, 0, 3, 0, 0),
(1827, 69, 1, 1, '20220411 123225', '3', 0, 0, 3, 0, 0),
(1828, 70, 1, 1, '20220411 123225', '3', 0, 0, 3, 0, 0),
(1829, 71, 1, 1, '20220411 123225', '5', 5, 0, 0, 0, 0),
(1830, 72, 2, 1, '20220411 123225', '2', 0, 0, 0, 2, 0),
(1831, 73, 2, 1, '20220411 123225', '2', 0, 0, 0, 2, 0),
(1832, 74, 2, 1, '20220411 123225', '3', 0, 0, 3, 0, 0),
(1833, 75, 1, 2, '20220411 123225', '3', 0, 0, 3, 0, 0),
(1834, 76, 2, 2, '20220411 123225', '3', 0, 0, 3, 0, 0),
(1835, 77, 1, 3, '20220411 123225', '2', 0, 0, 0, 2, 0),
(1836, 78, 2, 3, '20220411 123225', '1', 0, 0, 0, 0, 1),
(1837, 79, 1, 4, '20220411 123225', '3', 0, 0, 3, 0, 0),
(1838, 80, 2, 4, '20220411 123225', '2', 0, 0, 0, 2, 0),
(1839, 81, 1, 5, '20220411 123225', '1', 0, 0, 0, 0, 1),
(1840, 82, 2, 5, '20220411 123225', '4', 0, 4, 0, 0, 0),
(1841, 89, 1, 6, '20220411 123225', '1', 0, 0, 0, 0, 1),
(1842, 90, 2, 6, '20220411 123225', '2', 0, 0, 0, 2, 0),
(1843, 83, 1, 7, '20220411 123225', '2', 0, 0, 0, 2, 0),
(1844, 84, 2, 7, '20220411 123225', '3', 0, 0, 3, 0, 0),
(1845, 85, 1, 8, '20220411 123225', '2', 0, 0, 0, 2, 0),
(1846, 86, 2, 8, '20220411 123225', '5', 5, 0, 0, 0, 0),
(1847, 87, 1, 9, '20220411 123225', '4', 0, 4, 0, 0, 0),
(1848, 88, 2, 9, '20220411 123225', '3', 0, 0, 3, 0, 0);

-- --------------------------------------------------------

--
-- Struktur dari tabel `tcategory`
--

CREATE TABLE `tcategory` (
  `categoryId` int(1) NOT NULL,
  `nama` varchar(50) NOT NULL
) ENGINE=InnoDB DEFAULT CHARSET=utf8;

--
-- Dumping data untuk tabel `tcategory`
--

INSERT INTO `tcategory` (`categoryId`, `nama`) VALUES
(1, 'Kepentingan'),
(2, 'Kinerja');

-- --------------------------------------------------------

--
-- Struktur dari tabel `tprioritas`
--

CREATE TABLE `tprioritas` (
  `prioritasId` int(6) UNSIGNED NOT NULL,
  `variabelName` varchar(30) NOT NULL,
  `pgcv` double NOT NULL
) ENGINE=InnoDB DEFAULT CHARSET=utf8;

--
-- Dumping data untuk tabel `tprioritas`
--

INSERT INTO `tprioritas` (`prioritasId`, `variabelName`, `pgcv`) VALUES
(111, 'PERFORMANCE (X1)', 15);

-- --------------------------------------------------------

--
-- Struktur dari tabel `tquestion`
--

CREATE TABLE `tquestion` (
  `questionId` int(11) NOT NULL,
  `question` varchar(100) DEFAULT NULL,
  `variabelId` int(11) DEFAULT NULL,
  `categoryId` int(11) DEFAULT NULL,
  `CreatedDate` datetime NOT NULL,
  `CreatedUser` int(11) NOT NULL,
  `ModifiedDate` datetime DEFAULT NULL,
  `ModifiedUser` int(11) DEFAULT NULL
) ENGINE=InnoDB DEFAULT CHARSET=latin1;

--
-- Dumping data untuk tabel `tquestion`
--

INSERT INTO `tquestion` (`questionId`, `question`, `variabelId`, `categoryId`, `CreatedDate`, `CreatedUser`, `ModifiedDate`, `ModifiedUser`) VALUES
(69, 'gasgda', 1, 1, '2022-04-05 13:37:40', 2, '2022-04-05 13:37:40', 2),
(70, 'dansdja', 1, 1, '2022-04-05 13:37:47', 2, '2022-04-05 13:37:47', 2),
(71, 'asnda', 1, 1, '2022-04-05 13:37:50', 2, '2022-04-05 13:37:50', 2),
(72, 'asbdah', 1, 2, '2022-04-05 13:37:55', 2, '2022-04-05 13:37:55', 2),
(73, 'nasdhbah', 1, 2, '2022-04-05 13:38:00', 2, '2022-04-05 13:38:00', 2),
(74, 'dandja', 1, 2, '2022-04-05 13:38:04', 2, '2022-04-05 13:38:04', 2),
(75, 'adanjsd', 2, 1, '2022-04-05 13:38:11', 2, '2022-04-05 13:38:11', 2),
(76, 'dasndjna', 2, 2, '2022-04-05 13:38:17', 2, '2022-04-05 13:38:17', 2),
(77, 'dmansdha', 3, 1, '2022-04-05 13:38:23', 2, '2022-04-05 13:38:23', 2),
(78, 'asmndjasn', 3, 2, '2022-04-05 13:38:30', 2, '2022-04-05 13:38:30', 2),
(79, 'sajdnhaj', 4, 1, '2022-04-05 13:38:38', 2, '2022-04-05 13:38:38', 2),
(80, 'dasmndj', 4, 2, '2022-04-05 13:38:45', 2, '2022-04-05 13:38:45', 2),
(81, 'asdhas', 5, 1, '2022-04-05 13:38:51', 2, '2022-04-05 13:38:51', 2),
(82, 'mnasd as', 5, 2, '2022-04-05 13:38:57', 2, '2022-04-05 13:38:57', 2),
(83, 'dasmndja', 7, 1, '2022-04-05 13:39:02', 2, '2022-04-05 13:39:02', 2),
(84, 'dnajsd', 7, 2, '2022-04-05 13:39:09', 2, '2022-04-05 13:39:09', 2),
(85, 'bsahdha', 8, 1, '2022-04-05 13:39:20', 2, '2022-04-05 13:39:20', 2),
(86, 'dasbdha', 8, 2, '2022-04-05 13:39:27', 2, '2022-04-05 13:39:27', 2),
(87, 'jnnjda', 9, 1, '2022-04-05 13:41:18', 2, '2022-04-05 13:41:18', 2),
(88, 'dasnda', 9, 2, '2022-04-05 13:41:29', 2, '2022-04-05 13:41:29', 2),
(89, 'sdasd', 6, 1, '2022-04-11 08:49:40', 2, '2022-04-11 08:49:40', 2),
(90, 'dada', 6, 2, '2022-04-11 08:49:46', 2, '2022-04-11 08:49:46', 2);

-- --------------------------------------------------------

--
-- Struktur dari tabel `tresponden`
--

CREATE TABLE `tresponden` (
  `respondenId` varchar(50) NOT NULL,
  `name` varchar(50) NOT NULL,
  `gender` varchar(50) NOT NULL,
  `prodi` text NOT NULL,
  `dateSurvey` varchar(30) NOT NULL,
  `fakultas` varchar(20) NOT NULL,
  `nim` varchar(50) NOT NULL
) ENGINE=InnoDB DEFAULT CHARSET=latin1;

--
-- Dumping data untuk tabel `tresponden`
--

INSERT INTO `tresponden` (`respondenId`, `name`, `gender`, `prodi`, `dateSurvey`, `fakultas`, `nim`) VALUES
('20220411 085132', 'dasdna', 'Laki - Laki', 'sada', '2022-04-11', 'Dosen', '1111'),
('20220411 085159', 'adamkda', 'Laki - Laki', 'sandja', '2022-04-11', 'Dosen', '1111'),
('20220411 085200', 'Ilham Kenz', 'Laki - Laki', 'Pencucian Uang', '2022-04-11', 'Mahasiswa', '1111'),
('20220411 085235', 'jnadjn', 'Laki - Laki', 'sajdnja', '2022-04-11', 'Dosen', '1111'),
('20220411 085254', 'Dadang Kenz', 'Laki - Laki', 'Perbucinan', '2022-04-11', 'Dosen', '1111'),
('20220411 085344', 'Farid Kenz', 'Laki - Laki', 'Perkonter an', '2022-04-11', 'Dosen', '1111'),
('20220411 085450', 'njfnajndja', 'Laki - Laki', 'asjdnaj', '2022-04-11', 'Dosen', '1111'),
('20220411 114245', 'xzczcxz', 'Laki - Laki', 'zxcz', '2022-04-11', 'Dosen', '1111'),
('20220411 114327', 'xzcz', 'Laki - Laki', 'zxc', '2022-04-11', 'Dosen', '1111'),
('20220411 114418', 'adad', 'Laki - Laki', 'adad', '2022-04-11', 'Dosen', '1111'),
('20220411 114453', 'dascx z', 'Laki - Laki', 'zxcz', '2022-04-11', 'Dosen', '1111'),
('20220411 114543', 'mskamdk', 'Laki - Laki', 'njsadnj', '2022-04-11', 'Dosen', '1111'),
('20220411 123215', 'Ferdy Ganteng', 'Laki - Laki', 'Dosen', '2022-04-11', 'Nganggur', '1111'),
('20220411 123217', 'Ferdy Ganteng', 'Laki - Laki', 'Dosen', '2022-04-11', 'Nganggur', '1111'),
('20220411 123218', 'Ferdy Ganteng', 'Laki - Laki', 'Dosen', '2022-04-11', 'Nganggur', '1111'),
('20220411 123219', 'Ferdy Ganteng', 'Laki - Laki', 'Dosen', '2022-04-11', 'Nganggur', '1111'),
('20220411 123220', 'Ferdy Ganteng', 'Laki - Laki', 'Dosen', '2022-04-11', 'Nganggur', '1111'),
('20220411 123221', 'Ferdy Ganteng', 'Laki - Laki', 'Dosen', '2022-04-11', 'Nganggur', '1111'),
('20220411 123222', 'Ferdy Ganteng', 'Laki - Laki', 'Dosen', '2022-04-11', 'Nganggur', '1111'),
('20220411 123223', 'Ferdy Ganteng', 'Laki - Laki', 'Dosen', '2022-04-11', 'Nganggur', '1111'),
('20220411 123224', 'Ferdy Ganteng', 'Laki - Laki', 'Dosen', '2022-04-11', 'Nganggur', '1111'),
('20220411 123225', 'Ferdy Ganteng', 'Laki - Laki', 'Dosen', '2022-04-11', 'Nganggur', '1111');

-- --------------------------------------------------------

--
-- Struktur dari tabel `tuser`
--

CREATE TABLE `tuser` (
  `userId` int(11) NOT NULL,
  `username` varchar(32) NOT NULL,
  `password` varchar(32) NOT NULL,
  `fullname` varchar(30) NOT NULL,
  `email` varchar(30) NOT NULL,
  `level` varchar(30) NOT NULL
) ENGINE=InnoDB DEFAULT CHARSET=latin1;

--
-- Dumping data untuk tabel `tuser`
--

INSERT INTO `tuser` (`userId`, `username`, `password`, `fullname`, `email`, `level`) VALUES
(2, 'admin', '21232f297a57a5a743894a0e4a801fc3', 'admin', 'admin@gmail.com', 'Super');

-- --------------------------------------------------------

--
-- Struktur dari tabel `tvariabel`
--

CREATE TABLE `tvariabel` (
  `variabelId` int(11) NOT NULL,
  `variabelName` varchar(225) DEFAULT NULL,
  `CreatedDate` datetime NOT NULL,
  `CreatedUser` int(11) NOT NULL,
  `ModifiedDate` datetime NOT NULL,
  `ModifiedUser` int(11) NOT NULL
) ENGINE=InnoDB DEFAULT CHARSET=latin1;

--
-- Dumping data untuk tabel `tvariabel`
--

INSERT INTO `tvariabel` (`variabelId`, `variabelName`, `CreatedDate`, `CreatedUser`, `ModifiedDate`, `ModifiedUser`) VALUES
(1, 'PERFORMANCE (X1)', '2022-03-27 04:31:40', 1, '2022-03-27 05:22:07', 2),
(2, 'INFORMASION(X2)', '2022-03-27 05:20:55', 2, '2022-03-27 05:21:59', 2),
(3, 'EKONOMICS(X3)', '2022-03-27 05:21:51', 2, '2022-03-27 05:21:51', 2),
(4, 'CONTROL/SECURITY(X4)', '2022-03-27 05:22:15', 2, '2022-03-27 05:22:15', 2),
(5, 'EFFICIENCY(X5)', '2022-03-27 05:22:24', 2, '2022-03-27 05:22:24', 2),
(6, 'SERVICE(X6)', '2022-03-27 05:22:30', 2, '2022-03-27 05:22:30', 2),
(7, 'Respsonsiveness (X7)', '2022-03-27 05:22:36', 2, '2022-03-27 05:22:36', 2),
(8, 'Contact(X8)', '2022-03-27 05:22:51', 2, '2022-03-27 05:22:51', 2),
(9, 'Compensation(X9)', '2022-03-27 05:23:15', 2, '2022-03-27 05:23:15', 2);

--
-- Indexes for dumped tables
--

--
-- Indeks untuk tabel `tanswer`
--
ALTER TABLE `tanswer`
  ADD PRIMARY KEY (`Id`) USING BTREE,
  ADD KEY `descriptionId` (`descriptionId`),
  ADD KEY `respondenId` (`respondenId`) USING BTREE,
  ADD KEY `variabelId` (`variabelId`) USING BTREE,
  ADD KEY `categoryId` (`categoryId`);

--
-- Indeks untuk tabel `tcategory`
--
ALTER TABLE `tcategory`
  ADD PRIMARY KEY (`categoryId`);

--
-- Indeks untuk tabel `tprioritas`
--
ALTER TABLE `tprioritas`
  ADD PRIMARY KEY (`prioritasId`);

--
-- Indeks untuk tabel `tquestion`
--
ALTER TABLE `tquestion`
  ADD PRIMARY KEY (`questionId`),
  ADD KEY `variabelId` (`variabelId`) USING BTREE,
  ADD KEY `categoryId` (`categoryId`);

--
-- Indeks untuk tabel `tresponden`
--
ALTER TABLE `tresponden`
  ADD PRIMARY KEY (`respondenId`);

--
-- Indeks untuk tabel `tuser`
--
ALTER TABLE `tuser`
  ADD PRIMARY KEY (`userId`);

--
-- Indeks untuk tabel `tvariabel`
--
ALTER TABLE `tvariabel`
  ADD PRIMARY KEY (`variabelId`),
  ADD KEY `CreatedUser` (`CreatedUser`,`ModifiedUser`),
  ADD KEY `CreatedUser_2` (`CreatedUser`);

--
-- AUTO_INCREMENT untuk tabel yang dibuang
--

--
-- AUTO_INCREMENT untuk tabel `tanswer`
--
ALTER TABLE `tanswer`
  MODIFY `Id` int(11) NOT NULL AUTO_INCREMENT, AUTO_INCREMENT=1849;

--
-- AUTO_INCREMENT untuk tabel `tprioritas`
--
ALTER TABLE `tprioritas`
  MODIFY `prioritasId` int(6) UNSIGNED NOT NULL AUTO_INCREMENT, AUTO_INCREMENT=112;

--
-- AUTO_INCREMENT untuk tabel `tquestion`
--
ALTER TABLE `tquestion`
  MODIFY `questionId` int(11) NOT NULL AUTO_INCREMENT, AUTO_INCREMENT=91;

--
-- AUTO_INCREMENT untuk tabel `tuser`
--
ALTER TABLE `tuser`
  MODIFY `userId` int(11) NOT NULL AUTO_INCREMENT, AUTO_INCREMENT=3;

--
-- AUTO_INCREMENT untuk tabel `tvariabel`
--
ALTER TABLE `tvariabel`
  MODIFY `variabelId` int(11) NOT NULL AUTO_INCREMENT, AUTO_INCREMENT=10;

--
-- Ketidakleluasaan untuk tabel pelimpahan (Dumped Tables)
--

--
-- Ketidakleluasaan untuk tabel `tanswer`
--
ALTER TABLE `tanswer`
  ADD CONSTRAINT `categoryId` FOREIGN KEY (`categoryId`) REFERENCES `tcategory` (`categoryId`),
  ADD CONSTRAINT `tanswer_ibfk_1` FOREIGN KEY (`respondenId`) REFERENCES `tresponden` (`respondenId`) ON DELETE CASCADE ON UPDATE CASCADE,
  ADD CONSTRAINT `tanswer_ibfk_3` FOREIGN KEY (`variabelId`) REFERENCES `tvariabel` (`variabelId`) ON DELETE CASCADE ON UPDATE CASCADE,
  ADD CONSTRAINT `tanswer_ibfk_4` FOREIGN KEY (`descriptionId`) REFERENCES `tquestion` (`questionId`) ON DELETE CASCADE ON UPDATE CASCADE,
  ADD CONSTRAINT `tcompany_ibfk_5` FOREIGN KEY (`respondenId`) REFERENCES `tresponden` (`respondenId`) ON UPDATE CASCADE;

--
-- Ketidakleluasaan untuk tabel `tquestion`
--
ALTER TABLE `tquestion`
  ADD CONSTRAINT `tquestion_ibfk_1` FOREIGN KEY (`variabelId`) REFERENCES `tvariabel` (`variabelId`) ON DELETE CASCADE ON UPDATE CASCADE,
  ADD CONSTRAINT `tquestion_ibfk_2` FOREIGN KEY (`categoryId`) REFERENCES `tcategory` (`categoryId`);
COMMIT;

/*!40101 SET CHARACTER_SET_CLIENT=@OLD_CHARACTER_SET_CLIENT */;
/*!40101 SET CHARACTER_SET_RESULTS=@OLD_CHARACTER_SET_RESULTS */;
/*!40101 SET COLLATION_CONNECTION=@OLD_COLLATION_CONNECTION */;
